fonte,url,data_hora_coleta_utc,metodo,parametros,observacao,arquivo_bruto,sha256
robots.txt de www.climatempo.com.br,https://www.climatempo.com.br/robots.txt,2026-09-19T20:55:14+00:00,GET (requests + urllib.robotparser),"{""user_agent"": ""TesteAcademico""}",status=ok; HTTP 200,,
robots.txt de ihu.unisinos.br,https://ihu.unisinos.br/robots.txt,2026-09-19T20:55:15+00:00,GET (requests + urllib.robotparser),"{""user_agent"": ""TesteAcademico""}",status=ok; HTTP 200,,
robots.txt de www.poder360.com.br,https://www.poder360.com.br/robots.txt,2026-09-19T20:55:15+00:00,GET (requests + urllib.robotparser),"{""user_agent"": ""TesteAcademico""}",status=ok; HTTP 200,,
robots.txt de sbtnews.sbt.com.br,https://sbtnews.sbt.com.br/robots.txt,2026-09-19T20:55:16+00:00,GET (requests + urllib.robotparser),"{""user_agent"": ""TesteAcademico""}",status=ok; HTTP 200,,
Climatempo,https://www.climatempo.com.br/noticia/2024/08/16/com-41dc-cuiaba-registra-novo-recorde-de-calor-6038,2026-09-19T20:55:16+00:00,GET (requests + BeautifulSoup),"{""headers"": ""User-Agent customizado"", ""timeout"": 20}",HTTP 200,./dados_brutos/scraping_ondacalor/2024-08-15_com_41dc_cuiaba_registra_novo_recorde_de_calor_6038.html,eed225840abfbb11d783c2e610faa7323dd63ebb368ab1a38b1b80c1960e8771
IHU/ClimaInfo,https://ihu.unisinos.br/642521-clima-extremo-nova-onda-de-calor-no-brasil-pode-trazer-recordes-de-temperatura-em-agosto,2026-09-19T20:55:20+00:00,GET (requests + BeautifulSoup),"{""headers"": ""User-Agent customizado"", ""timeout"": 20}",HTTP 200,./dados_brutos/scraping_ondacalor/2024-08-19_642521_clima_extremo_nova_onda_de_calor_no_brasil_pode_trazer_recordes_de_temper.html,8a0a24d5f3fb0a32b7da1f98478ad01bf45aa822d79ebfb2a3332b9113174fa0
Climatempo,https://www.climatempo.com.br/noticia/2024/08/22/cuiaba-sete-dias-consecutivos-com-mais-de-40dc-6108,2026-09-19T20:55:22+00:00,GET (requests + BeautifulSoup),"{""headers"": ""User-Agent customizado"", ""timeout"": 20}",HTTP 200,./dados_brutos/scraping_ondacalor/2024-08-21_cuiaba_sete_dias_consecutivos_com_mais_de_40dc_6108.html,fab305576856ff2e1a0bf5d6aae6653be0267de01244fae7f67571c22461635b
Climatempo,https://www.climatempo.com.br/noticia/2024/08/29/agosto-termina-com-mais-de-40dc-no-brasil-6213,2026-09-19T20:55:24+00:00,GET (requests + BeautifulSoup),"{""headers"": ""User-Agent customizado"", ""timeout"": 20}",HTTP 200,./dados_brutos/scraping_ondacalor/2024-08-29_agosto_termina_com_mais_de_40dc_no_brasil_6213.html,5f800ce4fafb28da0a1f1cb16c7e0778dbc9e8a2604c277b2520fe70700bd216
Poder360,https://www.poder360.com.br/brasil/brasil-tem-agosto-com-maior-numero-de-queimadas-desde-2010/,2026-09-19T20:55:26+00:00,GET (requests),{},ERRO: 403 Client Error: Forbidden for url: https://www.poder360.com.br/brasil/brasil-tem-agosto-com-maior-numero-de-queimadas-desde-2010/,,
Climatempo,https://www.climatempo.com.br/noticia/2024/09/04/calor-acima-dos-40dc-e-umidade-abaixo-de-10-no-brasil-6269,2026-09-19T20:55:28+00:00,GET (requests + BeautifulSoup),"{""headers"": ""User-Agent customizado"", ""timeout"": 20}",HTTP 200,./dados_brutos/scraping_ondacalor/2024-09-03_calor_acima_dos_40dc_e_umidade_abaixo_de_10_no_brasil_6269.html,1140a3b8ea304b584d07a3d3db580e7cdf0c7e7da6c4270f95f18bb4df35f1ad
SBT News,https://sbtnews.sbt.com.br/noticia/brasil/cuiaba-registra-42-6-c-maior-temperatura-do-pais-segundo-inmet,2026-09-19T20:55:30+00:00,GET (requests + BeautifulSoup),"{""headers"": ""User-Agent customizado"", ""timeout"": 20}",HTTP 200,./dados_brutos/scraping_ondacalor/2024-09-07_cuiaba_registra_42_6_c_maior_temperatura_do_pais_segundo_inmet.html,397fb90c58ba518ccca32bafc2bbfc1c710d62a92b747075491b8beca05206f4
Poder360,https://www.poder360.com.br/poder-sustentavel/brasil-registra-5-132-focos-de-incendio/,2026-09-19T20:55:33+00:00,GET (requests),{},ERRO: 403 Client Error: Forbidden for url: https://www.poder360.com.br/poder-sustentavel/brasil-registra-5-132-focos-de-incendio/,,
Poder360,https://www.poder360.com.br/poder-sustentavel/brasil-registra-2-909-focos-de-incendio/,2026-09-19T20:55:35+00:00,GET (requests),{},ERRO: 403 Client Error: Forbidden for url: https://www.poder360.com.br/poder-sustentavel/brasil-registra-2-909-focos-de-incendio/,,
Poder360,https://www.poder360.com.br/poder-sustentavel/brasil-registra-1-338-focos-de-incendio-sendo-57-na-amazonia/,2026-09-19T20:55:37+00:00,GET (requests),{},ERRO: 403 Client Error: Forbidden for url: https://www.poder360.com.br/poder-sustentavel/brasil-registra-1-338-focos-de-incendio-sendo-57-na-amazonia/,,
Conferência manual (mesmas URLs de URLS_ONDACALOR),ver coluna url em URLS_ONDACALOR,2026-09-19T20:55:39+00:00,Leitura manual pelos autores do trabalho,{},valores digitados pelos autores; revisar contra as páginas,./dados_brutos/scraping_ondacalor/conferencia_manual_boletins.csv,a533bd77499056a386a0de075f35cc6a5ceec907131fb85694aab633b54433f0
"API IBGE - Localidades (Região Centro-Oeste, código 5)",https://servicodados.ibge.gov.br/api/v1/localidades/regioes/5/municipios,2026-09-19T20:55:40+00:00,GET,{},468 municípios,./dados_brutos/api_ibge/municipios_co_raw.json,fe6321af5ae6d641d3105ba60006801338bcda632a435396d0b500eb0c7a5ab9
API IBGE - Catálogo de Agregados (SIDRA),https://servicodados.ibge.gov.br/api/v3/agregados,2026-09-19T20:55:41+00:00,GET,{},OK,,
API IBGE - Metadados do agregado 7060,https://servicodados.ibge.gov.br/api/v3/agregados/7060/metadados,2026-09-19T20:55:41+00:00,GET,{},OK,,
API IBGE - Localidades do agregado 7060 (N6),https://servicodados.ibge.gov.br/api/v3/agregados/7060/localidades/N6,2026-09-19T20:55:42+00:00,GET,"{""nivel"": ""N6""}",OK,,
API IBGE - Períodos do agregado 7060,https://servicodados.ibge.gov.br/api/v3/agregados/7060/periodos,2026-09-19T20:55:43+00:00,GET,{},OK,,
API IBGE - SIDRA (IPCA),https://servicodados.ibge.gov.br/api/v3/agregados/7060/periodos/202309|202310|202311|202312|202401|202402|202403|202404|202405|202406|202407|202408|202409|202410|202411|202412/variaveis/63?localidades=N6[5300108]&classificacao=315[7169],2026-09-19T20:55:43+00:00,GET,"{""agregado"": 7060, ""variavel"": 63, ""localidades"": ""N6[5300108]"", ""classificacao"": ""315[7169]"", ""periodos"": ""202309..202412""}",OK,./dados_brutos/api_ibge/ipca_raw.json,05c8920f617bddf094e6ece15ee537ae2ca1d25053f96dc4747149b2db44fe86
API IBGE - Metadados do agregado 4099,https://servicodados.ibge.gov.br/api/v3/agregados/4099/metadados,2026-09-19T20:55:44+00:00,GET,{},OK,,
API IBGE - Localidades do agregado 4099 (N2),https://servicodados.ibge.gov.br/api/v3/agregados/4099/localidades/N2,2026-09-19T20:55:44+00:00,GET,"{""nivel"": ""N2""}",OK,,
API IBGE - Períodos do agregado 4099,https://servicodados.ibge.gov.br/api/v3/agregados/4099/periodos,2026-09-19T20:55:45+00:00,GET,{},OK,,
API IBGE - SIDRA (Desocupação),https://servicodados.ibge.gov.br/api/v3/agregados/4099/periodos/202303|202304|202401|202402|202403|202404/variaveis/4099?localidades=N2[5],2026-09-19T20:55:45+00:00,GET,"{""agregado"": 4099, ""variavel"": 4099, ""localidades"": ""N2[5]"", ""classificacao"": null, ""periodos"": ""202303..202404""}",OK,./dados_brutos/api_ibge/desocupacao_raw.json,57004fcd55e6b06199b9307c602dda2fea77616d713cf80275578d2e8249a451
