codigo_ibge,nome_municipio,uf,uf_codigo,codigo_ibge_6,nome_norm,populacao,pib_total,taxa_desocupacao,total_internacoes,custo_total_internacoes,total_obitos_sim,pib_per_capita_calculado,taxa_internacao_por_10k,temp_max_cuiaba_c,temp_max_brasil_c,umidade_minima_pct,max_dias_consecutivos_40c,max_focos_calor_mt,meses_em_crise
5300108,Brasília,DF,53.0,530010,BRASILIA,3009996.0,286943782.0,9.5875,388264.0,620276606.86,15878.0,95330.2868176569,1289.9153354356615,42.6,42.6,10.0,7.0,2124.0,2
5200050,Abadia de Goiás,GO,52.0,520005,ABADIA DE GOIAS,,,5.75,2512.0,4168796.34,116.0,,,42.6,42.6,10.0,7.0,2124.0,2
5200100,Abadiânia,GO,52.0,520010,ABADIANIA,,,5.75,1734.0,2962815.32,114.0,,,42.6,42.6,10.0,7.0,2124.0,2
5200134,Acreúna,GO,52.0,520013,ACREUNA,,,5.75,3038.0,4512199.54,152.0,,,42.6,42.6,10.0,7.0,2124.0,2
5200159,Adelândia,GO,52.0,520015,ADELANDIA,,,5.75,312.0,934937.5,29.0,,,42.6,42.6,10.0,7.0,2124.0,2
5200175,Água Fria de Goiás,GO,52.0,520017,AGUA FRIA DE GOIAS,,,5.75,604.0,763281.52,41.0,,,42.6,42.6,10.0,7.0,2124.0,2
5200209,Água Limpa,GO,52.0,520020,AGUA LIMPA,,,5.75,274.0,392265.84,22.0,,,42.6,42.6,10.0,7.0,2124.0,2
5200258,Águas Lindas de Goiás,GO,52.0,520025,AGUAS LINDAS DE GOIAS,,,5.75,23104.0,30867886.38,957.0,,,42.6,42.6,10.0,7.0,2124.0,2
5200308,Alexânia,GO,52.0,520030,ALEXANIA,,,5.75,6110.0,6614733.54,227.0,,,42.6,42.6,10.0,7.0,2124.0,2
5200506,Aloândia,GO,52.0,520050,ALOANDIA,,,5.75,144.0,305479.62,17.0,,,42.6,42.6,10.0,7.0,2124.0,2
5200555,Alto Horizonte,GO,52.0,520055,ALTO HORIZONTE,,,5.75,1132.0,1056711.98,39.0,,,42.6,42.6,10.0,7.0,2124.0,2
5200605,Alto Paraíso de Goiás,GO,52.0,520060,ALTO PARAISO DE GOIAS,,,5.75,1382.0,1275784.78,43.0,,,42.6,42.6,10.0,7.0,2124.0,2
5200803,Alvorada do Norte,GO,52.0,520080,ALVORADA DO NORTE,,,5.75,2144.0,1719397.48,67.0,,,42.6,42.6,10.0,7.0,2124.0,2
5200829,Amaralina,GO,52.0,520082,AMARALINA,,,5.75,404.0,659238.58,32.0,,,42.6,42.6,10.0,7.0,2124.0,2
5200852,Americano do Brasil,GO,52.0,520085,AMERICANO DO BRASIL,,,5.75,1270.0,1557663.5,59.0,,,42.6,42.6,10.0,7.0,2124.0,2
5200902,Amorinópolis,GO,52.0,520090,AMORINOPOLIS,,,5.75,624.0,703564.54,27.0,,,42.6,42.6,10.0,7.0,2124.0,2
5201108,Anápolis,GO,52.0,520110,ANAPOLIS,,,5.75,43534.0,83682269.12,2948.0,,,42.6,42.6,10.0,7.0,2124.0,2
5201207,Anhanguera,GO,52.0,520120,ANHANGUERA,,,5.75,122.0,247990.38,13.0,,,42.6,42.6,10.0,7.0,2124.0,2
5201306,Anicuns,GO,52.0,520130,ANICUNS,,,5.75,2888.0,4666783.1,154.0,,,42.6,42.6,10.0,7.0,2124.0,2
5201405,Aparecida de Goiânia,GO,52.0,520140,APARECIDA DE GOIANIA,,,5.75,74078.0,144811784.2,3069.0,,,42.6,42.6,10.0,7.0,2124.0,2
5201454,Aparecida do Rio Doce,GO,52.0,520145,APARECIDA DO RIO DOCE,,,5.75,324.0,308325.5,15.0,,,42.6,42.6,10.0,7.0,2124.0,2
5201504,Aporé,GO,52.0,520150,APORE,,,5.75,320.0,677752.38,37.0,,,42.6,42.6,10.0,7.0,2124.0,2
5201603,Araçu,GO,52.0,520160,ARACU,,,5.75,794.0,1146558.34,45.0,,,42.6,42.6,10.0,7.0,2124.0,2
5201702,Aragarças,GO,52.0,520170,ARAGARCAS,,,5.75,2866.0,3728470.12,158.0,,,42.6,42.6,10.0,7.0,2124.0,2
5201801,Aragoiânia,GO,52.0,520180,ARAGOIANIA,,,5.75,1228.0,2024696.42,93.0,,,42.6,42.6,10.0,7.0,2124.0,2
5202155,Araguapaz,GO,52.0,520215,ARAGUAPAZ,,,5.75,710.0,1295066.94,58.0,,,42.6,42.6,10.0,7.0,2124.0,2
5202353,Arenópolis,GO,52.0,520235,ARENOPOLIS,,,5.75,494.0,550073.76,24.0,,,42.6,42.6,10.0,7.0,2124.0,2
5202502,Aruanã,GO,52.0,520250,ARUANA,,,5.75,1666.0,1917309.82,60.0,,,42.6,42.6,10.0,7.0,2124.0,2
5202601,Aurilândia,GO,52.0,520260,AURILANDIA,,,5.75,544.0,696649.62,42.0,,,42.6,42.6,10.0,7.0,2124.0,2
5202809,Avelinópolis,GO,52.0,520280,AVELINOPOLIS,,,5.75,438.0,649069.62,24.0,,,42.6,42.6,10.0,7.0,2124.0,2
5203104,Baliza,GO,52.0,520310,BALIZA,,,5.75,278.0,489560.06,18.0,,,42.6,42.6,10.0,7.0,2124.0,2
5203203,Barro Alto,GO,52.0,520320,BARRO ALTO,,,5.75,1860.0,2272284.34,58.0,,,42.6,42.6,10.0,7.0,2124.0,2
5203302,Bela Vista de Goiás,GO,52.0,520330,BELA VISTA DE GOIAS,,,5.75,5462.0,6300293.72,213.0,,,42.6,42.6,10.0,7.0,2124.0,2
5203401,Bom Jardim de Goiás,GO,52.0,520340,BOM JARDIM DE GOIAS,,,5.75,1178.0,2071401.5,95.0,,,42.6,42.6,10.0,7.0,2124.0,2
5203500,Bom Jesus de Goiás,GO,52.0,520350,BOM JESUS DE GOIAS,,,5.75,5760.0,4832758.74,173.0,,,42.6,42.6,10.0,7.0,2124.0,2
5203559,Bonfinópolis,GO,52.0,520355,BONFINOPOLIS,,,5.75,1182.0,1912505.9,70.0,,,42.6,42.6,10.0,7.0,2124.0,2
5203575,Bonópolis,GO,52.0,520357,BONOPOLIS,,,5.75,608.0,536750.3200000001,22.0,,,42.6,42.6,10.0,7.0,2124.0,2
5203609,Brazabrantes,GO,52.0,520360,BRAZABRANTES,,,5.75,690.0,1319157.4,28.0,,,42.6,42.6,10.0,7.0,2124.0,2
5203807,Britânia,GO,52.0,520380,BRITANIA,,,5.75,1336.0,1378589.86,52.0,,,42.6,42.6,10.0,7.0,2124.0,2
5203906,Buriti Alegre,GO,52.0,520390,BURITI ALEGRE,,,5.75,1468.0,1435374.76,101.0,,,42.6,42.6,10.0,7.0,2124.0,2
5203939,Buriti de Goiás,GO,52.0,520393,BURITI DE GOIAS,,,5.75,442.0,815588.5,24.0,,,42.6,42.6,10.0,7.0,2124.0,2
5203962,Buritinópolis,GO,52.0,520396,BURITINOPOLIS,,,5.75,160.0,281967.28,21.0,,,42.6,42.6,10.0,7.0,2124.0,2
5204003,Cabeceiras,GO,52.0,520400,CABECEIRAS,,,5.75,940.0,1459003.72,61.0,,,42.6,42.6,10.0,7.0,2124.0,2
5204102,Cachoeira Alta,GO,52.0,520410,CACHOEIRA ALTA,,,5.75,2086.0,1798923.4,94.0,,,42.6,42.6,10.0,7.0,2124.0,2
5204201,Cachoeira de Goiás,GO,52.0,520420,CACHOEIRA DE GOIAS,,,5.75,258.0,437779.94,11.0,,,42.6,42.6,10.0,7.0,2124.0,2
5204250,Cachoeira Dourada,GO,52.0,520425,CACHOEIRA DOURADA,,,5.75,1230.0,1576138.34,69.0,,,42.6,42.6,10.0,7.0,2124.0,2
5204300,Caçu,GO,52.0,520430,CACU,,,5.75,2492.0,2332553.48,141.0,,,42.6,42.6,10.0,7.0,2124.0,2
5204409,Caiapônia,GO,52.0,520440,CAIAPONIA,,,5.75,3910.0,3270994.36,139.0,,,42.6,42.6,10.0,7.0,2124.0,2
5204508,Caldas Novas,GO,52.0,520450,CALDAS NOVAS,,,5.75,10836.0,15290924.5,681.0,,,42.6,42.6,10.0,7.0,2124.0,2
5204557,Caldazinha,GO,52.0,520455,CALDAZINHA,,,5.75,490.0,898667.02,33.0,,,42.6,42.6,10.0,7.0,2124.0,2
5204607,Campestre de Goiás,GO,52.0,520460,CAMPESTRE DE GOIAS,,,5.75,366.0,624296.18,29.0,,,42.6,42.6,10.0,7.0,2124.0,2
5204656,Campinaçu,GO,52.0,520465,CAMPINACU,,,5.75,1016.0,766388.06,21.0,,,42.6,42.6,10.0,7.0,2124.0,2
5204706,Campinorte,GO,52.0,520470,CAMPINORTE,,,5.75,2450.0,2380258.16,91.0,,,42.6,42.6,10.0,7.0,2124.0,2
5204805,Campo Alegre de Goiás,GO,52.0,520480,CAMPO ALEGRE DE GOIAS,,,5.75,698.0,1143793.56,48.0,,,42.6,42.6,10.0,7.0,2124.0,2
5204854,Campo Limpo de Goiás,GO,52.0,520485,CAMPO LIMPO DE GOIAS,,,5.75,932.0,1373294.98,50.0,,,42.6,42.6,10.0,7.0,2124.0,2
5204904,Campos Belos,GO,52.0,520490,CAMPOS BELOS,,,5.75,2230.0,2715353.88,139.0,,,42.6,42.6,10.0,7.0,2124.0,2
5204953,Campos Verdes,GO,52.0,520495,CAMPOS VERDES,,,5.75,748.0,1299156.72,45.0,,,42.6,42.6,10.0,7.0,2124.0,2
5205000,Carmo do Rio Verde,GO,52.0,520500,CARMO DO RIO VERDE,,,5.75,1422.0,2053751.44,93.0,,,42.6,42.6,10.0,7.0,2124.0,2
5205059,Castelândia,GO,52.0,520505,CASTELANDIA,,,5.75,418.0,658476.96,27.0,,,42.6,42.6,10.0,7.0,2124.0,2
5205109,Catalão,GO,52.0,520510,CATALAO,,,5.75,11186.0,18598673.8,707.0,,,42.6,42.6,10.0,7.0,2124.0,2
5205208,Caturaí,GO,52.0,520520,CATURAI,,,5.75,1076.0,1478596.58,47.0,,,42.6,42.6,10.0,7.0,2124.0,2
5205307,Cavalcante,GO,52.0,520530,CAVALCANTE,,,5.75,1538.0,1059832.64,61.0,,,42.6,42.6,10.0,7.0,2124.0,2
5205406,Ceres,GO,52.0,520540,CERES,,,5.75,4352.0,6536835.22,182.0,,,42.6,42.6,10.0,7.0,2124.0,2
5205455,Cezarina,GO,52.0,520545,CEZARINA,,,5.75,1490.0,1450677.88,55.0,,,42.6,42.6,10.0,7.0,2124.0,2
5205471,Chapadão do Céu,GO,52.0,520547,CHAPADAO DO CEU,,,5.75,2434.0,2465416.7,36.0,,,42.6,42.6,10.0,7.0,2124.0,2
5205497,Cidade Ocidental,GO,52.0,520549,CIDADE OCIDENTAL,,,5.75,10292.0,14513807.16,390.0,,,42.6,42.6,10.0,7.0,2124.0,2
5205513,Cocalzinho de Goiás,GO,52.0,520551,COCALZINHO DE GOIAS,,,5.75,3684.0,3655344.7,137.0,,,42.6,42.6,10.0,7.0,2124.0,2
5205521,Colinas do Sul,GO,52.0,520552,COLINAS DO SUL,,,5.75,650.0,572483.52,28.0,,,42.6,42.6,10.0,7.0,2124.0,2
5205703,Córrego do Ouro,GO,52.0,520570,CORREGO DO OURO,,,5.75,522.0,348072.84,17.0,,,42.6,42.6,10.0,7.0,2124.0,2
5205802,Corumbá de Goiás,GO,52.0,520580,CORUMBA DE GOIAS,,,5.75,1560.0,1936180.46,105.0,,,42.6,42.6,10.0,7.0,2124.0,2
5205901,Corumbaíba,GO,52.0,520590,CORUMBAIBA,,,5.75,1450.0,1783479.18,74.0,,,42.6,42.6,10.0,7.0,2124.0,2
5206206,Cristalina,GO,52.0,520620,CRISTALINA,,,5.75,7596.0,10569663.64,359.0,,,42.6,42.6,10.0,7.0,2124.0,2
5206305,Cristianópolis,GO,52.0,520630,CRISTIANOPOLIS,,,5.75,676.0,834133.2999999999,34.0,,,42.6,42.6,10.0,7.0,2124.0,2
5206404,Crixás,GO,52.0,520640,CRIXAS,,,5.75,2632.0,2417065.32,104.0,,,42.6,42.6,10.0,7.0,2124.0,2
5206503,Cromínia,GO,52.0,520650,CROMINIA,,,5.75,616.0,816393.64,36.0,,,42.6,42.6,10.0,7.0,2124.0,2
5206602,Cumari,GO,52.0,520660,CUMARI,,,5.75,336.0,554565.76,36.0,,,42.6,42.6,10.0,7.0,2124.0,2
5206701,Damianópolis,GO,52.0,520670,DAMIANOPOLIS,,,5.75,680.0,529832.16,27.0,,,42.6,42.6,10.0,7.0,2124.0,2
5206800,Damolândia,GO,52.0,520680,DAMOLANDIA,,,5.75,740.0,972797.44,25.0,,,42.6,42.6,10.0,7.0,2124.0,2
5206909,Davinópolis,GO,52.0,520690,DAVINOPOLIS,,,5.75,208.0,432509.14,18.0,,,42.6,42.6,10.0,7.0,2124.0,2
5207105,Diorama,GO,52.0,520710,DIORAMA,,,5.75,700.0,622200.28,20.0,,,42.6,42.6,10.0,7.0,2124.0,2
5207253,Doverlândia,GO,52.0,520725,DOVERLANDIA,,,5.75,524.0,979111.9,54.0,,,42.6,42.6,10.0,7.0,2124.0,2
5207352,Edealina,GO,52.0,520735,EDEALINA,,,5.75,396.0,743012.16,51.0,,,42.6,42.6,10.0,7.0,2124.0,2
5207402,Edéia,GO,52.0,520740,EDEIA,,,5.75,1872.0,2440507.1,96.0,,,42.6,42.6,10.0,7.0,2124.0,2
5207501,Estrela do Norte,GO,52.0,520750,ESTRELA DO NORTE,,,5.75,554.0,777825.02,24.0,,,42.6,42.6,10.0,7.0,2124.0,2
5207535,Faina,GO,52.0,520753,FAINA,,,5.75,1256.0,1334850.14,65.0,,,42.6,42.6,10.0,7.0,2124.0,2
5207600,Fazenda Nova,GO,52.0,520760,FAZENDA NOVA,,,5.75,950.0,1407629.16,55.0,,,42.6,42.6,10.0,7.0,2124.0,2
5207808,Firminópolis,GO,52.0,520780,FIRMINOPOLIS,,,5.75,2140.0,2738649.56,103.0,,,42.6,42.6,10.0,7.0,2124.0,2
5207907,Flores de Goiás,GO,52.0,520790,FLORES DE GOIAS,,,5.75,808.0,1220878.96,53.0,,,42.6,42.6,10.0,7.0,2124.0,2
5208004,Formosa,GO,52.0,520800,FORMOSA,,,5.75,18472.0,20665220.54,722.0,,,42.6,42.6,10.0,7.0,2124.0,2
5208103,Formoso,GO,52.0,520810,FORMOSO,,,5.75,1132.0,1024714.8,54.0,,,42.6,42.6,10.0,7.0,2124.0,2
5208152,Gameleira de Goiás,GO,52.0,520815,GAMELEIRA DE GOIAS,,,5.75,402.0,682634.26,29.0,,,42.6,42.6,10.0,7.0,2124.0,2
5208301,Divinópolis de Goiás,GO,52.0,520830,DIVINOPOLIS DE GOIAS,,,5.75,592.0,598797.32,45.0,,,42.6,42.6,10.0,7.0,2124.0,2
5208400,Goianápolis,GO,52.0,520840,GOIANAPOLIS,,,5.75,1940.0,3178159.04,111.0,,,42.6,42.6,10.0,7.0,2124.0,2
5208509,Goiandira,GO,52.0,520850,GOIANDIRA,,,5.75,434.0,1015438.28,40.0,,,42.6,42.6,10.0,7.0,2124.0,2
5208608,Goianésia,GO,52.0,520860,GOIANESIA,,,5.75,11532.0,12964438.8,506.0,,,42.6,42.6,10.0,7.0,2124.0,2
5208707,Goiânia,GO,52.0,520870,GOIANIA,1511709.0,59870499.0,5.75,155468.0,305099838.04,9866.0,39604.51317019347,1028.4254443150105,42.6,42.6,10.0,7.0,2124.0,2
5208806,Goianira,GO,52.0,520880,GOIANIRA,,,5.75,12798.0,17013570.28,464.0,,,42.6,42.6,10.0,7.0,2124.0,2
5208905,Goiás,GO,52.0,520890,GOIAS,,,5.75,3778.0,5863424.74,237.0,,,42.6,42.6,10.0,7.0,2124.0,2
5209101,Goiatuba,GO,52.0,520910,GOIATUBA,,,5.75,4804.0,6041977.52,298.0,,,42.6,42.6,10.0,7.0,2124.0,2
5209150,Gouvelândia,GO,52.0,520915,GOUVELANDIA,,,5.75,542.0,998791.38,37.0,,,42.6,42.6,10.0,7.0,2124.0,2
5209200,Guapó,GO,52.0,520920,GUAPO,,,5.75,2018.0,2857088.96,140.0,,,42.6,42.6,10.0,7.0,2124.0,2
5209291,Guaraíta,GO,52.0,520929,GUARAITA,,,5.75,342.0,397634.68,16.0,,,42.6,42.6,10.0,7.0,2124.0,2
5209408,Guarani de Goiás,GO,52.0,520940,GUARANI DE GOIAS,,,5.75,622.0,808052.28,26.0,,,42.6,42.6,10.0,7.0,2124.0,2
5209457,Guarinos,GO,52.0,520945,GUARINOS,,,5.75,280.0,409247.4,24.0,,,42.6,42.6,10.0,7.0,2124.0,2
5209606,Heitoraí,GO,52.0,520960,HEITORAI,,,5.75,876.0,914235.38,21.0,,,42.6,42.6,10.0,7.0,2124.0,2
5209705,Hidrolândia,GO,52.0,520970,HIDROLANDIA,,,5.75,4388.0,5359445.76,158.0,,,42.6,42.6,10.0,7.0,2124.0,2
5209804,Hidrolina,GO,52.0,520980,HIDROLINA,,,5.75,940.0,1316651.92,32.0,,,42.6,42.6,10.0,7.0,2124.0,2
5209903,Iaciara,GO,52.0,520990,IACIARA,,,5.75,2696.0,1848121.02,77.0,,,42.6,42.6,10.0,7.0,2124.0,2
5209937,Inaciolândia,GO,52.0,520993,INACIOLANDIA,,,5.75,812.0,1067485.76,42.0,,,42.6,42.6,10.0,7.0,2124.0,2
5209952,Indiara,GO,52.0,520995,INDIARA,,,5.75,6638.0,3681181.32,110.0,,,42.6,42.6,10.0,7.0,2124.0,2
5210000,Inhumas,GO,52.0,521000,INHUMAS,,,5.75,9162.0,12820581.8,459.0,,,42.6,42.6,10.0,7.0,2124.0,2
5210109,Ipameri,GO,52.0,521010,IPAMERI,,,5.75,3400.0,5217397.96,221.0,,,42.6,42.6,10.0,7.0,2124.0,2
5210158,Ipiranga de Goiás,GO,52.0,521015,IPIRANGA DE GOIAS,,,5.75,446.0,488377.3,18.0,,,42.6,42.6,10.0,7.0,2124.0,2
5210208,Iporá,GO,52.0,521020,IPORA,,,5.75,3792.0,7289167.22,347.0,,,42.6,42.6,10.0,7.0,2124.0,2
5210307,Israelândia,GO,52.0,521030,ISRAELANDIA,,,5.75,304.0,565886.82,24.0,,,42.6,42.6,10.0,7.0,2124.0,2
5210406,Itaberaí,GO,52.0,521040,ITABERAI,,,5.75,7946.0,10286326.82,300.0,,,42.6,42.6,10.0,7.0,2124.0,2
5210562,Itaguari,GO,52.0,521056,ITAGUARI,,,5.75,776.0,1440488.26,37.0,,,42.6,42.6,10.0,7.0,2124.0,2
5210604,Itaguaru,GO,52.0,521060,ITAGUARU,,,5.75,1136.0,1492721.98,65.0,,,42.6,42.6,10.0,7.0,2124.0,2
5210802,Itajá,GO,52.0,521080,ITAJA,,,5.75,908.0,984067.88,43.0,,,42.6,42.6,10.0,7.0,2124.0,2
5210901,Itapaci,GO,52.0,521090,ITAPACI,,,5.75,5200.0,5562656.22,159.0,,,42.6,42.6,10.0,7.0,2124.0,2
5211008,Itapirapuã,GO,52.0,521100,ITAPIRAPUA,,,5.75,1690.0,1836670.84,88.0,,,42.6,42.6,10.0,7.0,2124.0,2
5211206,Itapuranga,GO,52.0,521120,ITAPURANGA,,,5.75,5216.0,6167484.24,282.0,,,42.6,42.6,10.0,7.0,2124.0,2
5211305,Itarumã,GO,52.0,521130,ITARUMA,,,5.75,1630.0,1038793.6,41.0,,,42.6,42.6,10.0,7.0,2124.0,2
5211404,Itauçu,GO,52.0,521140,ITAUCU,,,5.75,1788.0,2403690.64,93.0,,,42.6,42.6,10.0,7.0,2124.0,2
5211503,Itumbiara,GO,52.0,521150,ITUMBIARA,,,5.75,20144.0,21706981.76,818.0,,,42.6,42.6,10.0,7.0,2124.0,2
5211602,Ivolândia,GO,52.0,521160,IVOLANDIA,,,5.75,382.0,648371.74,21.0,,,42.6,42.6,10.0,7.0,2124.0,2
5211701,Jandaia,GO,52.0,521170,JANDAIA,,,5.75,506.0,776231.96,66.0,,,42.6,42.6,10.0,7.0,2124.0,2
5211800,Jaraguá,GO,52.0,521180,JARAGUA,,,5.75,10508.0,8922426.4,329.0,,,42.6,42.6,10.0,7.0,2124.0,2
5211909,Jataí,GO,52.0,521190,JATAI,,,5.75,9066.0,13374335.34,761.0,,,42.6,42.6,10.0,7.0,2124.0,2
5212006,Jaupaci,GO,52.0,521200,JAUPACI,,,5.75,432.0,524678.88,23.0,,,42.6,42.6,10.0,7.0,2124.0,2
5212055,Jesúpolis,GO,52.0,521205,JESUPOLIS,,,5.75,236.0,547039.3,21.0,,,42.6,42.6,10.0,7.0,2124.0,2
5212105,Joviânia,GO,52.0,521210,JOVIANIA,,,5.75,886.0,1138975.7,67.0,,,42.6,42.6,10.0,7.0,2124.0,2
5212204,Jussara,GO,52.0,521220,JUSSARA,,,5.75,3188.0,4529801.16,143.0,,,42.6,42.6,10.0,7.0,2124.0,2
5212253,Lagoa Santa,GO,52.0,521225,LAGOA SANTA,,,5.75,64.0,85043.45999999999,11.0,,,42.6,42.6,10.0,7.0,2124.0,2
5212303,Leopoldo de Bulhões,GO,52.0,521230,LEOPOLDO DE BULHOES,,,5.75,674.0,1024419.96,57.0,,,42.6,42.6,10.0,7.0,2124.0,2
5212501,Luziânia,GO,52.0,521250,LUZIANIA,,,5.75,33304.0,43586892.94,1324.0,,,42.6,42.6,10.0,7.0,2124.0,2
5212600,Mairipotaba,GO,52.0,521260,MAIRIPOTABA,,,5.75,438.0,655979.24,17.0,,,42.6,42.6,10.0,7.0,2124.0,2
5212709,Mambaí,GO,52.0,521270,MAMBAI,,,5.75,756.0,913708.94,48.0,,,42.6,42.6,10.0,7.0,2124.0,2
5212808,Mara Rosa,GO,52.0,521280,MARA ROSA,,,5.75,2056.0,2194463.54,100.0,,,42.6,42.6,10.0,7.0,2124.0,2
5212907,Marzagão,GO,52.0,521290,MARZAGAO,,,5.75,404.0,583009.16,19.0,,,42.6,42.6,10.0,7.0,2124.0,2
5212956,Matrinchã,GO,52.0,521295,MATRINCHA,,,5.75,750.0,925671.12,43.0,,,42.6,42.6,10.0,7.0,2124.0,2
5213004,Maurilândia,GO,52.0,521300,MAURILANDIA,,,5.75,1022.0,1360465.18,61.0,,,42.6,42.6,10.0,7.0,2124.0,2
5213053,Mimoso de Goiás,GO,52.0,521305,MIMOSO DE GOIAS,,,5.75,284.0,272506.64,18.0,,,42.6,42.6,10.0,7.0,2124.0,2
5213087,Minaçu,GO,52.0,521308,MINACU,,,5.75,5584.0,5092058.08,229.0,,,42.6,42.6,10.0,7.0,2124.0,2
5213103,Mineiros,GO,52.0,521310,MINEIROS,,,5.75,10606.0,17294084.26,420.0,,,42.6,42.6,10.0,7.0,2124.0,2
5213400,Moiporá,GO,52.0,521340,MOIPORA,,,5.75,174.0,180578.14,15.0,,,42.6,42.6,10.0,7.0,2124.0,2
5213509,Monte Alegre de Goiás,GO,52.0,521350,MONTE ALEGRE DE GOIAS,,,5.75,726.0,784554.64,40.0,,,42.6,42.6,10.0,7.0,2124.0,2
5213707,Montes Claros de Goiás,GO,52.0,521370,MONTES CLAROS DE GOIAS,,,5.75,796.0,1408566.8,69.0,,,42.6,42.6,10.0,7.0,2124.0,2
5213756,Montividiu,GO,52.0,521375,MONTIVIDIU,,,5.75,1942.0,2087585.66,79.0,,,42.6,42.6,10.0,7.0,2124.0,2
5213772,Montividiu do Norte,GO,52.0,521377,MONTIVIDIU DO NORTE,,,5.75,444.0,697173.48,30.0,,,42.6,42.6,10.0,7.0,2124.0,2
5213806,Morrinhos,GO,52.0,521380,MORRINHOS,,,5.75,7442.0,9776134.1,396.0,,,42.6,42.6,10.0,7.0,2124.0,2
5213855,Morro Agudo de Goiás,GO,52.0,521385,MORRO AGUDO DE GOIAS,,,5.75,704.0,882041.02,25.0,,,42.6,42.6,10.0,7.0,2124.0,2
5213905,Mossâmedes,GO,52.0,521390,MOSSAMEDES,,,5.75,644.0,861821.26,40.0,,,42.6,42.6,10.0,7.0,2124.0,2
5214002,Mozarlândia,GO,52.0,521400,MOZARLANDIA,,,5.75,3056.0,3447384.04,101.0,,,42.6,42.6,10.0,7.0,2124.0,2
5214051,Mundo Novo,GO,52.0,521405,MUNDO NOVO,,,5.75,2490.0,1414019.68,47.0,,,42.6,42.6,10.0,7.0,2124.0,2
5214101,Mutunópolis,GO,52.0,521410,MUTUNOPOLIS,,,5.75,954.0,691807.16,35.0,,,42.6,42.6,10.0,7.0,2124.0,2
5214408,Nazário,GO,52.0,521440,NAZARIO,,,5.75,856.0,1621747.22,73.0,,,42.6,42.6,10.0,7.0,2124.0,2
5214507,Nerópolis,GO,52.0,521450,NEROPOLIS,,,5.75,5400.0,9144829.8,251.0,,,42.6,42.6,10.0,7.0,2124.0,2
5214606,Niquelândia,GO,52.0,521460,NIQUELANDIA,,,5.75,6282.0,6633698.0,266.0,,,42.6,42.6,10.0,7.0,2124.0,2
5214705,Nova América,GO,52.0,521470,NOVA AMERICA,,,5.75,292.0,365738.28,24.0,,,42.6,42.6,10.0,7.0,2124.0,2
5214804,Nova Aurora,GO,52.0,521480,NOVA AURORA,,,5.75,246.0,466996.44,22.0,,,42.6,42.6,10.0,7.0,2124.0,2
5214838,Nova Crixás,GO,52.0,521483,NOVA CRIXAS,,,5.75,2004.0,2024934.34,92.0,,,42.6,42.6,10.0,7.0,2124.0,2
5214861,Nova Glória,GO,52.0,521486,NOVA GLORIA,,,5.75,1344.0,1812168.74,90.0,,,42.6,42.6,10.0,7.0,2124.0,2
5214879,Nova Iguaçu de Goiás,GO,52.0,521487,NOVA IGUACU DE GOIAS,,,5.75,438.0,532753.66,20.0,,,42.6,42.6,10.0,7.0,2124.0,2
5214903,Nova Roma,GO,52.0,521490,NOVA ROMA,,,5.75,256.0,330335.96,18.0,,,42.6,42.6,10.0,7.0,2124.0,2
5215009,Nova Veneza,GO,52.0,521500,NOVA VENEZA,,,5.75,1150.0,2546811.0,83.0,,,42.6,42.6,10.0,7.0,2124.0,2
5215207,Novo Brasil,GO,52.0,521520,NOVO BRASIL,,,5.75,584.0,633334.82,30.0,,,42.6,42.6,10.0,7.0,2124.0,2
5215231,Novo Gama,GO,52.0,521523,NOVO GAMA,,,5.75,14318.0,19428728.88,511.0,,,42.6,42.6,10.0,7.0,2124.0,2
5215256,Novo Planalto,GO,52.0,521525,NOVO PLANALTO,,,5.75,554.0,638392.7,39.0,,,42.6,42.6,10.0,7.0,2124.0,2
5215306,Orizona,GO,52.0,521530,ORIZONA,,,5.75,2222.0,2859505.42,123.0,,,42.6,42.6,10.0,7.0,2124.0,2
5215405,Ouro Verde de Goiás,GO,52.0,521540,OURO VERDE DE GOIAS,,,5.75,552.0,1060834.32,30.0,,,42.6,42.6,10.0,7.0,2124.0,2
5215504,Ouvidor,GO,52.0,521550,OUVIDOR,,,5.75,846.0,1703943.98,77.0,,,42.6,42.6,10.0,7.0,2124.0,2
5215603,Padre Bernardo,GO,52.0,521560,PADRE BERNARDO,,,5.75,3960.0,4160159.18,203.0,,,42.6,42.6,10.0,7.0,2124.0,2
5215652,Palestina de Goiás,GO,52.0,521565,PALESTINA DE GOIAS,,,5.75,464.0,725860.52,24.0,,,42.6,42.6,10.0,7.0,2124.0,2
5215702,Palmeiras de Goiás,GO,52.0,521570,PALMEIRAS DE GOIAS,,,5.75,2862.0,4546661.2,201.0,,,42.6,42.6,10.0,7.0,2124.0,2
5215801,Palmelo,GO,52.0,521580,PALMELO,,,5.75,578.0,743939.54,35.0,,,42.6,42.6,10.0,7.0,2124.0,2
5215900,Palminópolis,GO,52.0,521590,PALMINOPOLIS,,,5.75,562.0,571082.12,35.0,,,42.6,42.6,10.0,7.0,2124.0,2
5216007,Panamá,GO,52.0,521600,PANAMA,,,5.75,468.0,801510.38,16.0,,,42.6,42.6,10.0,7.0,2124.0,2
5216304,Paranaiguara,GO,52.0,521630,PARANAIGUARA,,,5.75,2096.0,1622882.62,88.0,,,42.6,42.6,10.0,7.0,2124.0,2
5216403,Paraúna,GO,52.0,521640,PARAUNA,,,5.75,1838.0,2078051.18,101.0,,,42.6,42.6,10.0,7.0,2124.0,2
5216452,Perolândia,GO,52.0,521645,PEROLANDIA,,,5.75,234.0,698280.64,31.0,,,42.6,42.6,10.0,7.0,2124.0,2
5216809,Petrolina de Goiás,GO,52.0,521680,PETROLINA DE GOIAS,,,5.75,1820.0,2710040.34,81.0,,,42.6,42.6,10.0,7.0,2124.0,2
5216908,Pilar de Goiás,GO,52.0,521690,PILAR DE GOIAS,,,5.75,370.0,634835.2,23.0,,,42.6,42.6,10.0,7.0,2124.0,2
5217104,Piracanjuba,GO,52.0,521710,PIRACANJUBA,,,5.75,4678.0,6434261.72,222.0,,,42.6,42.6,10.0,7.0,2124.0,2
5217203,Piranhas,GO,52.0,521720,PIRANHAS,,,5.75,1898.0,1797979.0,102.0,,,42.6,42.6,10.0,7.0,2124.0,2
5217302,Pirenópolis,GO,52.0,521730,PIRENOPOLIS,,,5.75,5840.0,5984412.9,206.0,,,42.6,42.6,10.0,7.0,2124.0,2
5217401,Pires do Rio,GO,52.0,521740,PIRES DO RIO,,,5.75,4880.0,6240199.66,253.0,,,42.6,42.6,10.0,7.0,2124.0,2
5217609,Planaltina,GO,52.0,521760,PLANALTINA,,,5.75,14226.0,14846143.1,538.0,,,42.6,42.6,10.0,7.0,2124.0,2
5217708,Pontalina,GO,52.0,521770,PONTALINA,,,5.75,3372.0,4391446.54,178.0,,,42.6,42.6,10.0,7.0,2124.0,2
5218003,Porangatu,GO,52.0,521800,PORANGATU,,,5.75,7704.0,8121305.1,291.0,,,42.6,42.6,10.0,7.0,2124.0,2
5218052,Porteirão,GO,52.0,521805,PORTEIRAO,,,5.75,682.0,922712.88,28.0,,,42.6,42.6,10.0,7.0,2124.0,2
5218102,Portelândia,GO,52.0,521810,PORTELANDIA,,,5.75,382.0,488231.64,26.0,,,42.6,42.6,10.0,7.0,2124.0,2
5218300,Posse,GO,52.0,521830,POSSE,,,5.75,5808.0,5090382.02,203.0,,,42.6,42.6,10.0,7.0,2124.0,2
5218391,Professor Jamil,GO,52.0,521839,PROFESSOR JAMIL,,,5.75,490.0,720417.1,32.0,,,42.6,42.6,10.0,7.0,2124.0,2
5218508,Quirinópolis,GO,52.0,521850,QUIRINOPOLIS,,,5.75,11160.0,8615323.9,380.0,,,42.6,42.6,10.0,7.0,2124.0,2
5218607,Rialma,GO,52.0,521860,RIALMA,,,5.75,2612.0,3449095.42,101.0,,,42.6,42.6,10.0,7.0,2124.0,2
5218706,Rianápolis,GO,52.0,521870,RIANAPOLIS,,,5.75,702.0,820660.98,42.0,,,42.6,42.6,10.0,7.0,2124.0,2
5218789,Rio Quente,GO,52.0,521878,RIO QUENTE,,,5.75,728.0,761186.38,24.0,,,42.6,42.6,10.0,7.0,2124.0,2
5218805,Rio Verde,GO,52.0,521880,RIO VERDE,,,5.75,32868.0,46843816.5,1349.0,,,42.6,42.6,10.0,7.0,2124.0,2
5218904,Rubiataba,GO,52.0,521890,RUBIATABA,,,5.75,3768.0,3834181.02,162.0,,,42.6,42.6,10.0,7.0,2124.0,2
5219001,Sanclerlândia,GO,52.0,521900,SANCLERLANDIA,,,5.75,1734.0,2246866.42,77.0,,,42.6,42.6,10.0,7.0,2124.0,2
5219100,Santa Bárbara de Goiás,GO,52.0,521910,SANTA BARBARA DE GOIAS,,,5.75,1032.0,1367450.28,71.0,,,42.6,42.6,10.0,7.0,2124.0,2
5219209,Santa Cruz de Goiás,GO,52.0,521920,SANTA CRUZ DE GOIAS,,,5.75,446.0,671157.5,23.0,,,42.6,42.6,10.0,7.0,2124.0,2
5219258,Santa Fé de Goiás,GO,52.0,521925,SANTA FE DE GOIAS,,,5.75,558.0,637973.26,41.0,,,42.6,42.6,10.0,7.0,2124.0,2
5219308,Santa Helena de Goiás,GO,52.0,521930,SANTA HELENA DE GOIAS,,,5.75,8246.0,10125777.3,308.0,,,42.6,42.6,10.0,7.0,2124.0,2
5219357,Santa Isabel,GO,52.0,521935,SANTA ISABEL,,,5.75,544.0,723355.82,38.0,,,42.6,42.6,10.0,7.0,2124.0,2
5219407,Santa Rita do Araguaia,GO,52.0,521940,SANTA RITA DO ARAGUAIA,,,5.75,584.0,846698.92,50.0,,,42.6,42.6,10.0,7.0,2124.0,2
5219456,Santa Rita do Novo Destino,GO,52.0,521945,SANTA RITA DO NOVO DESTINO,,,5.75,278.0,405877.46,14.0,,,42.6,42.6,10.0,7.0,2124.0,2
5219506,Santa Rosa de Goiás,GO,52.0,521950,SANTA ROSA DE GOIAS,,,5.75,594.0,953194.44,44.0,,,42.6,42.6,10.0,7.0,2124.0,2
5219605,Santa Tereza de Goiás,GO,52.0,521960,SANTA TEREZA DE GOIAS,,,5.75,806.0,1022801.82,38.0,,,42.6,42.6,10.0,7.0,2124.0,2
5219704,Santa Terezinha de Goiás,GO,52.0,521970,SANTA TEREZINHA DE GOIAS,,,5.75,1858.0,2205691.8,88.0,,,42.6,42.6,10.0,7.0,2124.0,2
5219712,Santo Antônio da Barra,GO,52.0,521971,SANTO ANTONIO DA BARRA,,,5.75,432.0,692614.24,40.0,,,42.6,42.6,10.0,7.0,2124.0,2
5219738,Santo Antônio de Goiás,GO,52.0,521973,SANTO ANTONIO DE GOIAS,,,5.75,1420.0,2114219.86,52.0,,,42.6,42.6,10.0,7.0,2124.0,2
5219753,Santo Antônio do Descoberto,GO,52.0,521975,SANTO ANTONIO DO DESCOBERTO,,,5.75,5992.0,7175507.4,331.0,,,42.6,42.6,10.0,7.0,2124.0,2
5219803,São Domingos,GO,52.0,521980,SAO DOMINGOS,,,5.75,1532.0,1127315.04,64.0,,,42.6,42.6,10.0,7.0,2124.0,2
5219902,São Francisco de Goiás,GO,52.0,521990,SAO FRANCISCO DE GOIAS,,,5.75,788.0,1390518.58,55.0,,,42.6,42.6,10.0,7.0,2124.0,2
5220009,São João d'Aliança,GO,52.0,522000,SAO JOAO D'ALIANCA,,,5.75,1034.0,1253790.3,56.0,,,42.6,42.6,10.0,7.0,2124.0,2
5220058,São João da Paraúna,GO,52.0,522005,SAO JOAO DA PARAUNA,,,5.75,268.0,481677.58,17.0,,,42.6,42.6,10.0,7.0,2124.0,2
5220108,São Luís de Montes Belos,GO,52.0,522010,SAO LUIS DE MONTES BELOS,,,5.75,5966.0,7908999.06,295.0,,,42.6,42.6,10.0,7.0,2124.0,2
5220157,São Luiz do Norte,GO,52.0,522015,SAO LUIZ DO NORTE,,,5.75,1134.0,1546888.32,48.0,,,42.6,42.6,10.0,7.0,2124.0,2
5220207,São Miguel do Araguaia,GO,52.0,522020,SAO MIGUEL DO ARAGUAIA,,,5.75,10356.0,4221863.94,187.0,,,42.6,42.6,10.0,7.0,2124.0,2
5220264,São Miguel do Passa Quatro,GO,52.0,522026,SAO MIGUEL DO PASSA QUATRO,,,5.75,454.0,824646.18,53.0,,,42.6,42.6,10.0,7.0,2124.0,2
5220280,São Patrício,GO,52.0,522028,SAO PATRICIO,,,5.75,246.0,346264.5,17.0,,,42.6,42.6,10.0,7.0,2124.0,2
5220405,São Simão,GO,52.0,522040,SAO SIMAO,,,5.75,3482.0,3193215.72,140.0,,,42.6,42.6,10.0,7.0,2124.0,2
5220454,Senador Canedo,GO,52.0,522045,SENADOR CANEDO,,,5.75,17884.0,26940567.36,768.0,,,42.6,42.6,10.0,7.0,2124.0,2
5220504,Serranópolis,GO,52.0,522050,SERRANOPOLIS,,,5.75,1020.0,1454333.04,50.0,,,42.6,42.6,10.0,7.0,2124.0,2
5220603,Silvânia,GO,52.0,522060,SILVANIA,,,5.75,6856.0,5165698.42,165.0,,,42.6,42.6,10.0,7.0,2124.0,2
5220686,Simolândia,GO,52.0,522068,SIMOLANDIA,,,5.75,910.0,825054.72,42.0,,,42.6,42.6,10.0,7.0,2124.0,2
5220702,Sítio d'Abadia,GO,52.0,522070,SITIO D'ABADIA,,,5.75,190.0,171776.9,15.0,,,42.6,42.6,10.0,7.0,2124.0,2
5221007,Taquaral de Goiás,GO,52.0,522100,TAQUARAL DE GOIAS,,,5.75,510.0,929189.34,30.0,,,42.6,42.6,10.0,7.0,2124.0,2
5221080,Teresina de Goiás,GO,52.0,522108,TERESINA DE GOIAS,,,5.75,292.0,380390.04,19.0,,,42.6,42.6,10.0,7.0,2124.0,2
5221197,Terezópolis de Goiás,GO,52.0,522119,TEREZOPOLIS DE GOIAS,,,5.75,888.0,1423413.32,68.0,,,42.6,42.6,10.0,7.0,2124.0,2
5221304,Três Ranchos,GO,52.0,522130,TRES RANCHOS,,,5.75,360.0,680835.68,27.0,,,42.6,42.6,10.0,7.0,2124.0,2
5221403,Trindade,GO,52.0,522140,TRINDADE,,,5.75,27206.0,42020675.72,966.0,,,42.6,42.6,10.0,7.0,2124.0,2
5221452,Trombas,GO,52.0,522145,TROMBAS,,,5.75,618.0,569050.78,15.0,,,42.6,42.6,10.0,7.0,2124.0,2
5221502,Turvânia,GO,52.0,522150,TURVANIA,,,5.75,1342.0,1187849.94,44.0,,,42.6,42.6,10.0,7.0,2124.0,2
5221551,Turvelândia,GO,52.0,522155,TURVELANDIA,,,5.75,742.0,669388.22,34.0,,,42.6,42.6,10.0,7.0,2124.0,2
5221577,Uirapuru,GO,52.0,522157,UIRAPURU,,,5.75,302.0,335195.44,24.0,,,42.6,42.6,10.0,7.0,2124.0,2
5221601,Uruaçu,GO,52.0,522160,URUACU,,,5.75,13446.0,10455365.1,312.0,,,42.6,42.6,10.0,7.0,2124.0,2
5221700,Uruana,GO,52.0,522170,URUANA,,,5.75,2554.0,3282247.3,124.0,,,42.6,42.6,10.0,7.0,2124.0,2
5221809,Urutaí,GO,52.0,522180,URUTAI,,,5.75,310.0,665748.58,28.0,,,42.6,42.6,10.0,7.0,2124.0,2
5221858,Valparaíso de Goiás,GO,52.0,522185,VALPARAISO DE GOIAS,,,5.75,23916.0,30422749.88,861.0,,,42.6,42.6,10.0,7.0,2124.0,2
5221908,Varjão,GO,52.0,522190,VARJAO,,,5.75,430.0,792327.5,33.0,,,42.6,42.6,10.0,7.0,2124.0,2
5222005,Vianópolis,GO,52.0,522200,VIANOPOLIS,,,5.75,3504.0,2955338.72,102.0,,,42.6,42.6,10.0,7.0,2124.0,2
5222054,Vicentinópolis,GO,52.0,522205,VICENTINOPOLIS,,,5.75,1042.0,1025414.6,51.0,,,42.6,42.6,10.0,7.0,2124.0,2
5222203,Vila Boa,GO,52.0,522220,VILA BOA,,,5.75,344.0,539872.42,22.0,,,42.6,42.6,10.0,7.0,2124.0,2
5222302,Vila Propício,GO,52.0,522230,VILA PROPICIO,,,5.75,822.0,1090831.42,35.0,,,42.6,42.6,10.0,7.0,2124.0,2
5100102,Acorizal,MT,51.0,510010,ACORIZAL,,,3.225,368.0,607917.6,49.0,,,42.6,42.6,10.0,7.0,2124.0,2
5100201,Água Boa,MT,51.0,510020,AGUA BOA,,,3.225,4554.0,5316795.38,146.0,,,42.6,42.6,10.0,7.0,2124.0,2
5100250,Alta Floresta,MT,51.0,510025,ALTA FLORESTA,,,3.225,8082.0,8542908.0,363.0,,,42.6,42.6,10.0,7.0,2124.0,2
5100300,Alto Araguaia,MT,51.0,510030,ALTO ARAGUAIA,,,3.225,2160.0,2746526.58,127.0,,,42.6,42.6,10.0,7.0,2124.0,2
5100359,Alto Boa Vista,MT,51.0,510035,ALTO BOA VISTA,,,3.225,754.0,570490.1,30.0,,,42.6,42.6,10.0,7.0,2124.0,2
5100409,Alto Garças,MT,51.0,510040,ALTO GARCAS,,,3.225,1406.0,2670784.56,83.0,,,42.6,42.6,10.0,7.0,2124.0,2
5100508,Alto Paraguai,MT,51.0,510050,ALTO PARAGUAI,,,3.225,692.0,959111.42,55.0,,,42.6,42.6,10.0,7.0,2124.0,2
5100607,Alto Taquari,MT,51.0,510060,ALTO TAQUARI,,,3.225,1454.0,1691183.36,48.0,,,42.6,42.6,10.0,7.0,2124.0,2
5100805,Apiacás,MT,51.0,510080,APIACAS,,,3.225,1238.0,1004848.52,54.0,,,42.6,42.6,10.0,7.0,2124.0,2
5101001,Araguaiana,MT,51.0,510100,ARAGUAIANA,,,3.225,376.0,553080.5,26.0,,,42.6,42.6,10.0,7.0,2124.0,2
5101209,Araguainha,MT,51.0,510120,ARAGUAINHA,,,3.225,150.0,203980.38,10.0,,,42.6,42.6,10.0,7.0,2124.0,2
5101258,Araputanga,MT,51.0,510125,ARAPUTANGA,,,3.225,2104.0,2605880.32,122.0,,,42.6,42.6,10.0,7.0,2124.0,2
5101308,Arenápolis,MT,51.0,510130,ARENAPOLIS,,,3.225,2062.0,2398741.56,71.0,,,42.6,42.6,10.0,7.0,2124.0,2
5101407,Aripuanã,MT,51.0,510140,ARIPUANA,,,3.225,3648.0,2837862.8,134.0,,,42.6,42.6,10.0,7.0,2124.0,2
5101605,Barão de Melgaço,MT,51.0,510160,BARAO DE MELGACO,,,3.225,526.0,809044.24,50.0,,,42.6,42.6,10.0,7.0,2124.0,2
5101704,Barra do Bugres,MT,51.0,510170,BARRA DO BUGRES,,,3.225,3332.0,4567749.12,250.0,,,42.6,42.6,10.0,7.0,2124.0,2
5101803,Barra do Garças,MT,51.0,510180,BARRA DO GARCAS,,,3.225,7898.0,9708781.66,544.0,,,42.6,42.6,10.0,7.0,2124.0,2
5101852,Bom Jesus do Araguaia,MT,51.0,510185,BOM JESUS DO ARAGUAIA,,,3.225,730.0,755133.12,30.0,,,42.6,42.6,10.0,7.0,2124.0,2
5101902,Brasnorte,MT,51.0,510190,BRASNORTE,,,3.225,3632.0,2493698.22,91.0,,,42.6,42.6,10.0,7.0,2124.0,2
5102504,Cáceres,MT,51.0,510250,CACERES,,,3.225,15842.0,17589035.44,727.0,,,42.6,42.6,10.0,7.0,2124.0,2
5102603,Campinápolis,MT,51.0,510260,CAMPINAPOLIS,,,3.225,2722.0,2350235.3,113.0,,,42.6,42.6,10.0,7.0,2124.0,2
5102637,Campo Novo do Parecis,MT,51.0,510263,CAMPO NOVO DO PARECIS,,,3.225,5690.0,5242645.42,196.0,,,42.6,42.6,10.0,7.0,2124.0,2
5102678,Campo Verde,MT,51.0,510267,CAMPO VERDE,,,3.225,8886.0,8943294.18,216.0,,,42.6,42.6,10.0,7.0,2124.0,2
5102686,Campos de Júlio,MT,51.0,510268,CAMPOS DE JULIO,,,3.225,1802.0,847140.0599999999,40.0,,,42.6,42.6,10.0,7.0,2124.0,2
5102694,Canabrava do Norte,MT,51.0,510269,CANABRAVA DO NORTE,,,3.225,564.0,530172.7,30.0,,,42.6,42.6,10.0,7.0,2124.0,2
5102702,Canarana,MT,51.0,510270,CANARANA,,,3.225,3596.0,2614690.14,147.0,,,42.6,42.6,10.0,7.0,2124.0,2
5102793,Carlinda,MT,51.0,510279,CARLINDA,,,3.225,1212.0,1578802.04,76.0,,,42.6,42.6,10.0,7.0,2124.0,2
5102850,Castanheira,MT,51.0,510285,CASTANHEIRA,,,3.225,480.0,555975.08,52.0,,,42.6,42.6,10.0,7.0,2124.0,2
5103007,Chapada dos Guimarães,MT,51.0,510300,CHAPADA DOS GUIMARAES,,,3.225,2070.0,3931996.28,140.0,,,42.6,42.6,10.0,7.0,2124.0,2
5103056,Cláudia,MT,51.0,510305,CLAUDIA,,,3.225,2516.0,2495311.26,71.0,,,42.6,42.6,10.0,7.0,2124.0,2
5103106,Cocalinho,MT,51.0,510310,COCALINHO,,,3.225,1658.0,958201.98,32.0,,,42.6,42.6,10.0,7.0,2124.0,2
5103205,Colíder,MT,51.0,510320,COLIDER,,,3.225,4380.0,6841018.46,252.0,,,42.6,42.6,10.0,7.0,2124.0,2
5103254,Colniza,MT,51.0,510325,COLNIZA,,,3.225,3596.0,2580733.14,139.0,,,42.6,42.6,10.0,7.0,2124.0,2
5103304,Comodoro,MT,51.0,510330,COMODORO,,,3.225,3564.0,2895358.58,122.0,,,42.6,42.6,10.0,7.0,2124.0,2
5103353,Confresa,MT,51.0,510335,CONFRESA,,,3.225,6362.0,5742919.42,206.0,,,42.6,42.6,10.0,7.0,2124.0,2
5103361,Conquista D'Oeste,MT,51.0,510336,CONQUISTA D'OESTE,,,3.225,636.0,623114.74,27.0,,,42.6,42.6,10.0,7.0,2124.0,2
5103379,Cotriguaçu,MT,51.0,510337,COTRIGUACU,,,3.225,1682.0,1386840.58,38.0,,,42.6,42.6,10.0,7.0,2124.0,2
5103403,Cuiabá,MT,51.0,510340,CUIABA,698917.0,29743722.0,3.225,65108.0,127518043.3,4181.0,42556.87299064123,931.5555352066124,42.6,42.6,10.0,7.0,2124.0,2
5103437,Curvelândia,MT,51.0,510343,CURVELANDIA,,,3.225,808.0,1077647.78,49.0,,,42.6,42.6,10.0,7.0,2124.0,2
5103452,Denise,MT,51.0,510345,DENISE,,,3.225,648.0,750603.84,37.0,,,42.6,42.6,10.0,7.0,2124.0,2
5103502,Diamantino,MT,51.0,510350,DIAMANTINO,,,3.225,2916.0,3354129.36,131.0,,,42.6,42.6,10.0,7.0,2124.0,2
5103601,Dom Aquino,MT,51.0,510360,DOM AQUINO,,,3.225,1538.0,2432687.74,70.0,,,42.6,42.6,10.0,7.0,2124.0,2
5103700,Feliz Natal,MT,51.0,510370,FELIZ NATAL,,,3.225,1120.0,1379960.92,57.0,,,42.6,42.6,10.0,7.0,2124.0,2
5103809,Figueirópolis D'Oeste,MT,51.0,510380,FIGUEIROPOLIS D'OESTE,,,3.225,470.0,666224.04,29.0,,,42.6,42.6,10.0,7.0,2124.0,2
5103858,Gaúcha do Norte,MT,51.0,510385,GAUCHA DO NORTE,,,3.225,906.0,962723.22,38.0,,,42.6,42.6,10.0,7.0,2124.0,2
5103908,General Carneiro,MT,51.0,510390,GENERAL CARNEIRO,,,3.225,964.0,1179715.26,58.0,,,42.6,42.6,10.0,7.0,2124.0,2
5103957,Glória D'Oeste,MT,51.0,510395,GLORIA D'OESTE,,,3.225,520.0,638318.94,36.0,,,42.6,42.6,10.0,7.0,2124.0,2
5104104,Guarantã do Norte,MT,51.0,510410,GUARANTA DO NORTE,,,3.225,5854.0,4777090.74,217.0,,,42.6,42.6,10.0,7.0,2124.0,2
5104203,Guiratinga,MT,51.0,510420,GUIRATINGA,,,3.225,1952.0,2636290.18,106.0,,,42.6,42.6,10.0,7.0,2124.0,2
5104500,Indiavaí,MT,51.0,510450,INDIAVAI,,,3.225,322.0,454524.26,30.0,,,42.6,42.6,10.0,7.0,2124.0,2
5104526,Ipiranga do Norte,MT,51.0,510452,IPIRANGA DO NORTE,,,3.225,688.0,1101705.12,32.0,,,42.6,42.6,10.0,7.0,2124.0,2
5104542,Itanhangá,MT,51.0,510454,ITANHANGA,,,3.225,562.0,535654.84,29.0,,,42.6,42.6,10.0,7.0,2124.0,2
5104559,Itaúba,MT,51.0,510455,ITAUBA,,,3.225,512.0,890642.38,42.0,,,42.6,42.6,10.0,7.0,2124.0,2
5104609,Itiquira,MT,51.0,510460,ITIQUIRA,,,3.225,2048.0,2821975.54,45.0,,,42.6,42.6,10.0,7.0,2124.0,2
5104807,Jaciara,MT,51.0,510480,JACIARA,,,3.225,5034.0,6424320.84,190.0,,,42.6,42.6,10.0,7.0,2124.0,2
5104906,Jangada,MT,51.0,510490,JANGADA,,,3.225,720.0,1019861.48,64.0,,,42.6,42.6,10.0,7.0,2124.0,2
5105002,Jauru,MT,51.0,510500,JAURU,,,3.225,956.0,928332.68,72.0,,,42.6,42.6,10.0,7.0,2124.0,2
5105101,Juara,MT,51.0,510510,JUARA,,,3.225,4500.0,3926524.98,248.0,,,42.6,42.6,10.0,7.0,2124.0,2
5105150,Juína,MT,51.0,510515,JUINA,,,3.225,8208.0,7391959.48,292.0,,,42.6,42.6,10.0,7.0,2124.0,2
5105176,Juruena,MT,51.0,510517,JURUENA,,,3.225,1774.0,1509060.66,41.0,,,42.6,42.6,10.0,7.0,2124.0,2
5105200,Juscimeira,MT,51.0,510520,JUSCIMEIRA,,,3.225,2864.0,2810265.2,114.0,,,42.6,42.6,10.0,7.0,2124.0,2
5105234,Lambari D'Oeste,MT,51.0,510523,LAMBARI D'OESTE,,,3.225,820.0,1154858.74,42.0,,,42.6,42.6,10.0,7.0,2124.0,2
5105259,Lucas do Rio Verde,MT,51.0,510525,LUCAS DO RIO VERDE,,,3.225,13556.0,9716393.5,287.0,,,42.6,42.6,10.0,7.0,2124.0,2
5105309,Luciara,MT,51.0,510530,LUCIARA,,,3.225,518.0,511340.84,18.0,,,42.6,42.6,10.0,7.0,2124.0,2
5105507,Vila Bela da Santíssima Trindade,MT,51.0,510550,VILA BELA DA SANTISSIMA TRINDADE,,,3.225,3800.0,2249934.04,96.0,,,42.6,42.6,10.0,7.0,2124.0,2
5105580,Marcelândia,MT,51.0,510558,MARCELANDIA,,,3.225,2168.0,2147238.68,69.0,,,42.6,42.6,10.0,7.0,2124.0,2
5105606,Matupá,MT,51.0,510560,MATUPA,,,3.225,3046.0,2829520.48,97.0,,,42.6,42.6,10.0,7.0,2124.0,2
5105622,Mirassol d'Oeste,MT,51.0,510562,MIRASSOL D'OESTE,,,3.225,4530.0,4655751.64,190.0,,,42.6,42.6,10.0,7.0,2124.0,2
5105903,Nobres,MT,51.0,510590,NOBRES,,,3.225,3892.0,4050874.82,151.0,,,42.6,42.6,10.0,7.0,2124.0,2
5106000,Nortelândia,MT,51.0,510600,NORTELANDIA,,,3.225,584.0,920397.16,50.0,,,42.6,42.6,10.0,7.0,2124.0,2
5106109,Nossa Senhora do Livramento,MT,51.0,510610,NOSSA SENHORA DO LIVRAMENTO,,,3.225,1504.0,2609855.56,86.0,,,42.6,42.6,10.0,7.0,2124.0,2
5106158,Nova Bandeirantes,MT,51.0,510615,NOVA BANDEIRANTES,,,3.225,1352.0,1292010.5,63.0,,,42.6,42.6,10.0,7.0,2124.0,2
5106174,Nova Nazaré,MT,51.0,510617,NOVA NAZARE,,,3.225,874.0,735136.9,28.0,,,42.6,42.6,10.0,7.0,2124.0,2
5106182,Nova Lacerda,MT,51.0,510618,NOVA LACERDA,,,3.225,900.0,883335.48,36.0,,,42.6,42.6,10.0,7.0,2124.0,2
5106190,Nova Santa Helena,MT,51.0,510619,NOVA SANTA HELENA,,,3.225,518.0,829086.42,24.0,,,42.6,42.6,10.0,7.0,2124.0,2
5106208,Nova Brasilândia,MT,51.0,510620,NOVA BRASILANDIA,,,3.225,370.0,632465.02,35.0,,,42.6,42.6,10.0,7.0,2124.0,2
5106216,Nova Canaã do Norte,MT,51.0,510621,NOVA CANAA DO NORTE,,,3.225,1350.0,2400255.94,86.0,,,42.6,42.6,10.0,7.0,2124.0,2
5106224,Nova Mutum,MT,51.0,510622,NOVA MUTUM,,,3.225,8682.0,9292224.86,216.0,,,42.6,42.6,10.0,7.0,2124.0,2
5106232,Nova Olímpia,MT,51.0,510623,NOVA OLIMPIA,,,3.225,1916.0,3277898.58,108.0,,,42.6,42.6,10.0,7.0,2124.0,2
5106240,Nova Ubiratã,MT,51.0,510624,NOVA UBIRATA,,,3.225,1278.0,1634381.76,60.0,,,42.6,42.6,10.0,7.0,2124.0,2
5106257,Nova Xavantina,MT,51.0,510625,NOVA XAVANTINA,,,3.225,3936.0,4295210.88,139.0,,,42.6,42.6,10.0,7.0,2124.0,2
5106265,Novo Mundo,MT,51.0,510626,NOVO MUNDO,,,3.225,700.0,693889.24,45.0,,,42.6,42.6,10.0,7.0,2124.0,2
5106273,Novo Horizonte do Norte,MT,51.0,510627,NOVO HORIZONTE DO NORTE,,,3.225,802.0,648466.52,28.0,,,42.6,42.6,10.0,7.0,2124.0,2
5106281,Novo São Joaquim,MT,51.0,510628,NOVO SAO JOAQUIM,,,3.225,1490.0,1340290.94,42.0,,,42.6,42.6,10.0,7.0,2124.0,2
5106299,Paranaíta,MT,51.0,510629,PARANAITA,,,3.225,3154.0,2289250.3,70.0,,,42.6,42.6,10.0,7.0,2124.0,2
5106307,Paranatinga,MT,51.0,510630,PARANATINGA,,,3.225,4370.0,5071946.88,146.0,,,42.6,42.6,10.0,7.0,2124.0,2
5106315,Novo Santo Antônio,MT,51.0,510631,NOVO SANTO ANTONIO,,,3.225,292.0,225081.52,17.0,,,42.6,42.6,10.0,7.0,2124.0,2
5106372,Pedra Preta,MT,51.0,510637,PEDRA PRETA,,,3.225,3394.0,4888110.7,143.0,,,42.6,42.6,10.0,7.0,2124.0,2
5106422,Peixoto de Azevedo,MT,51.0,510642,PEIXOTO DE AZEVEDO,,,3.225,3440.0,3534389.74,226.0,,,42.6,42.6,10.0,7.0,2124.0,2
5106455,Planalto da Serra,MT,51.0,510645,PLANALTO DA SERRA,,,3.225,328.0,622844.38,23.0,,,42.6,42.6,10.0,7.0,2124.0,2
5106505,Poconé,MT,51.0,510650,POCONE,,,3.225,5186.0,5395420.22,274.0,,,42.6,42.6,10.0,7.0,2124.0,2
5106653,Pontal do Araguaia,MT,51.0,510665,PONTAL DO ARAGUAIA,,,3.225,662.0,804985.92,40.0,,,42.6,42.6,10.0,7.0,2124.0,2
5106703,Ponte Branca,MT,51.0,510670,PONTE BRANCA,,,3.225,314.0,334953.08,19.0,,,42.6,42.6,10.0,7.0,2124.0,2
5106752,Pontes e Lacerda,MT,51.0,510675,PONTES E LACERDA,,,3.225,8672.0,9165252.5,330.0,,,42.6,42.6,10.0,7.0,2124.0,2
5106778,Porto Alegre do Norte,MT,51.0,510677,PORTO ALEGRE DO NORTE,,,3.225,1226.0,1420226.52,72.0,,,42.6,42.6,10.0,7.0,2124.0,2
5106802,Porto dos Gaúchos,MT,51.0,510680,PORTO DOS GAUCHOS,,,3.225,1626.0,1188215.24,35.0,,,42.6,42.6,10.0,7.0,2124.0,2
5106828,Porto Esperidião,MT,51.0,510682,PORTO ESPERIDIAO,,,3.225,1318.0,1604315.84,70.0,,,42.6,42.6,10.0,7.0,2124.0,2
5106851,Porto Estrela,MT,51.0,510685,PORTO ESTRELA,,,3.225,298.0,431858.44,29.0,,,42.6,42.6,10.0,7.0,2124.0,2
5107008,Poxoréu,MT,51.0,510700,POXOREU,,,3.225,4626.0,5254153.64,165.0,,,42.6,42.6,10.0,7.0,2124.0,2
5107040,Primavera do Leste,MT,51.0,510704,PRIMAVERA DO LESTE,,,3.225,11958.0,16158596.08,424.0,,,42.6,42.6,10.0,7.0,2124.0,2
5107065,Querência,MT,51.0,510706,QUERENCIA,,,3.225,4796.0,4470512.64,99.0,,,42.6,42.6,10.0,7.0,2124.0,2
5107107,São José dos Quatro Marcos,MT,51.0,510710,SAO JOSE DOS QUATRO MARCOS,,,3.225,1770.0,2903263.18,131.0,,,42.6,42.6,10.0,7.0,2124.0,2
5107156,Reserva do Cabaçal,MT,51.0,510715,RESERVA DO CABACAL,,,3.225,312.0,439602.18,17.0,,,42.6,42.6,10.0,7.0,2124.0,2
5107180,Ribeirão Cascalheira,MT,51.0,510718,RIBEIRAO CASCALHEIRA,,,3.225,1628.0,1654376.94,74.0,,,42.6,42.6,10.0,7.0,2124.0,2
5107198,Ribeirãozinho,MT,51.0,510719,RIBEIRAOZINHO,,,3.225,336.0,441126.32,20.0,,,42.6,42.6,10.0,7.0,2124.0,2
5107206,Rio Branco,MT,51.0,510720,RIO BRANCO,,,3.225,664.0,692526.0599999999,47.0,,,42.6,42.6,10.0,7.0,2124.0,2
5107248,Santa Carmem,MT,51.0,510724,SANTA CARMEM,,,3.225,532.0,603211.34,26.0,,,42.6,42.6,10.0,7.0,2124.0,2
5107263,Santo Afonso,MT,51.0,510726,SANTO AFONSO,,,3.225,392.0,506300.66,15.0,,,42.6,42.6,10.0,7.0,2124.0,2
5107297,São José do Povo,MT,51.0,510729,SAO JOSE DO POVO,,,3.225,556.0,1108863.9,23.0,,,42.6,42.6,10.0,7.0,2124.0,2
5107305,São José do Rio Claro,MT,51.0,510730,SAO JOSE DO RIO CLARO,,,3.225,2716.0,2472778.08,100.0,,,42.6,42.6,10.0,7.0,2124.0,2
5107354,São José do Xingu,MT,51.0,510735,SAO JOSE DO XINGU,,,3.225,820.0,709204.8,24.0,,,42.6,42.6,10.0,7.0,2124.0,2
5107404,São Pedro da Cipa,MT,51.0,510740,SAO PEDRO DA CIPA,,,3.225,712.0,1202512.22,29.0,,,42.6,42.6,10.0,7.0,2124.0,2
5107578,Rondolândia,MT,51.0,510757,RONDOLANDIA,,,3.225,20.0,19944.4,22.0,,,42.6,42.6,10.0,7.0,2124.0,2
5107602,Rondonópolis,MT,51.0,510760,RONDONOPOLIS,,,3.225,39524.0,58951424.58,1533.0,,,42.6,42.6,10.0,7.0,2124.0,2
5107701,Rosário Oeste,MT,51.0,510770,ROSARIO OESTE,,,3.225,2384.0,2070925.62,137.0,,,42.6,42.6,10.0,7.0,2124.0,2
5107743,Santa Cruz do Xingu,MT,51.0,510774,SANTA CRUZ DO XINGU,,,3.225,314.0,373700.86,7.0,,,42.6,42.6,10.0,7.0,2124.0,2
5107750,Salto do Céu,MT,51.0,510775,SALTO DO CEU,,,3.225,570.0,540962.26,32.0,,,42.6,42.6,10.0,7.0,2124.0,2
5107768,Santa Rita do Trivelato,MT,51.0,510776,SANTA RITA DO TRIVELATO,,,3.225,350.0,412613.58,21.0,,,42.6,42.6,10.0,7.0,2124.0,2
5107776,Santa Terezinha,MT,51.0,510777,SANTA TEREZINHA,,,3.225,1866.0,1111611.1,44.0,,,42.6,42.6,10.0,7.0,2124.0,2
5107792,Santo Antônio do Leste,MT,51.0,510779,SANTO ANTONIO DO LESTE,,,3.225,606.0,654347.06,18.0,,,42.6,42.6,10.0,7.0,2124.0,2
5107800,Santo Antônio de Leverger,MT,51.0,510780,SANTO ANTONIO DE LEVERGER,,,3.225,1698.0,3529087.78,153.0,,,42.6,42.6,10.0,7.0,2124.0,2
5107859,São Félix do Araguaia,MT,51.0,510785,SAO FELIX DO ARAGUAIA,,,3.225,2158.0,1532138.78,68.0,,,42.6,42.6,10.0,7.0,2124.0,2
5107875,Sapezal,MT,51.0,510787,SAPEZAL,,,3.225,4132.0,3199444.84,82.0,,,42.6,42.6,10.0,7.0,2124.0,2
5107883,Serra Nova Dourada,MT,51.0,510788,SERRA NOVA DOURADA,,,3.225,268.0,209286.24,8.0,,,42.6,42.6,10.0,7.0,2124.0,2
5107909,Sinop,MT,51.0,510790,SINOP,,,3.225,18046.0,24974040.08,928.0,,,42.6,42.6,10.0,7.0,2124.0,2
5107925,Sorriso,MT,51.0,510792,SORRISO,,,3.225,12292.0,17098039.5,575.0,,,42.6,42.6,10.0,7.0,2124.0,2
5107941,Tabaporã,MT,51.0,510794,TABAPORA,,,3.225,1054.0,817790.9,52.0,,,42.6,42.6,10.0,7.0,2124.0,2
5107958,Tangará da Serra,MT,51.0,510795,TANGARA DA SERRA,,,3.225,12828.0,10396682.08,739.0,,,42.6,42.6,10.0,7.0,2124.0,2
5108006,Tapurah,MT,51.0,510800,TAPURAH,,,3.225,2036.0,2522059.98,83.0,,,42.6,42.6,10.0,7.0,2124.0,2
5108055,Terra Nova do Norte,MT,51.0,510805,TERRA NOVA DO NORTE,,,3.225,1528.0,1434945.38,84.0,,,42.6,42.6,10.0,7.0,2124.0,2
5108105,Tesouro,MT,51.0,510810,TESOURO,,,3.225,494.0,750743.2,26.0,,,42.6,42.6,10.0,7.0,2124.0,2
5108204,Torixoréu,MT,51.0,510820,TORIXOREU,,,3.225,462.0,366586.8,42.0,,,42.6,42.6,10.0,7.0,2124.0,2
5108303,União do Sul,MT,51.0,510830,UNIAO DO SUL,,,3.225,458.0,546318.86,17.0,,,42.6,42.6,10.0,7.0,2124.0,2
5108352,Vale de São Domingos,MT,51.0,510835,VALE DE SAO DOMINGOS,,,3.225,436.0,637903.32,23.0,,,42.6,42.6,10.0,7.0,2124.0,2
5108402,Várzea Grande,MT,51.0,510840,VARZEA GRANDE,,,3.225,33672.0,62547344.98,1981.0,,,42.6,42.6,10.0,7.0,2124.0,2
5108501,Vera,MT,51.0,510850,VERA,,,3.225,1062.0,1399406.04,67.0,,,42.6,42.6,10.0,7.0,2124.0,2
5108600,Vila Rica,MT,51.0,510860,VILA RICA,,,3.225,2776.0,2094742.9,115.0,,,42.6,42.6,10.0,7.0,2124.0,2
5108808,Nova Guarita,MT,51.0,510880,NOVA GUARITA,,,3.225,690.0,1334911.04,40.0,,,42.6,42.6,10.0,7.0,2124.0,2
5108857,Nova Marilândia,MT,51.0,510885,NOVA MARILANDIA,,,3.225,468.0,494224.48,28.0,,,42.6,42.6,10.0,7.0,2124.0,2
5108907,Nova Maringá,MT,51.0,510890,NOVA MARINGA,,,3.225,314.0,528700.92,28.0,,,42.6,42.6,10.0,7.0,2124.0,2
5108956,Nova Monte Verde,MT,51.0,510895,NOVA MONTE VERDE,,,3.225,1186.0,1264572.74,48.0,,,42.6,42.6,10.0,7.0,2124.0,2
