codigo_ibge,nome_municipio,uf,uf_codigo,codigo_ibge_6,nome_norm,populacao,pib_total,taxa_desocupacao,total_internacoes,custo_total_internacoes,total_obitos_sim,pib_per_capita_calculado,taxa_internacao_por_10k,pico_obitos_rs,pico_desalojados_rs,pico_pessoas_afetadas_rs,max_nivel_guaiba_m,meses_em_crise
4300034,Aceguá,RS,43.0,430003,ACEGUA,4251.0,458226.0,5.325,860.0,971121.66,36.0,107792.51940719831,2023.053399200188,184.0,540192.0,2281830.0,5.21,2
4300059,Água Santa,RS,43.0,430005,AGUA SANTA,4003.0,547413.0,5.325,554.0,922992.16,28.0,136750.68698476144,1383.962028478641,184.0,540192.0,2281830.0,5.21,2
4300109,Agudo,RS,43.0,430010,AGUDO,16347.0,667877.0,5.325,3676.0,4784339.46,179.0,40856.24273567015,2248.7306539426195,184.0,540192.0,2281830.0,5.21,2
4300208,Ajuricaba,RS,43.0,430020,AJURICABA,6843.0,521060.0,5.325,1054.0,2098312.98,73.0,76144.96565833698,1540.2601198304835,184.0,540192.0,2281830.0,5.21,2
4300307,Alecrim,RS,43.0,430030,ALECRIM,6219.0,162073.0,5.325,1774.0,2759111.06,99.0,26060.94227367744,2852.548641260653,184.0,540192.0,2281830.0,5.21,2
4300406,Alegrete,RS,43.0,430040,ALEGRETE,74285.0,3079886.0,5.325,13880.0,22477262.06,791.0,41460.40250387023,1868.4795046106208,184.0,540192.0,2281830.0,5.21,2
4300455,Alegria,RS,43.0,430045,ALEGRIA,3705.0,156623.0,5.325,640.0,1351465.9,46.0,42273.41430499325,1727.395411605938,184.0,540192.0,2281830.0,5.21,2
4300471,Almirante Tamandaré do Sul,RS,43.0,430047,ALMIRANTE TAMANDARE DO SUL,2007.0,276412.0,5.325,354.0,729078.88,15.0,137723.96611858494,1763.8266068759342,184.0,540192.0,2281830.0,5.21,2
4300505,Alpestre,RS,43.0,430050,ALPESTRE,7235.0,196384.0,5.325,2254.0,2179011.7,77.0,27143.60746371804,3115.411195577056,184.0,540192.0,2281830.0,5.21,2
4300554,Alto Alegre,RS,43.0,430055,ALTO ALEGRE,1837.0,106142.0,5.325,148.0,273623.74,10.0,57780.076211213935,805.6614044637997,184.0,540192.0,2281830.0,5.21,2
4300570,Alto Feliz,RS,43.0,430057,ALTO FELIZ,3145.0,161549.0,5.325,440.0,918004.18,27.0,51366.93163751988,1399.0461049284577,184.0,540192.0,2281830.0,5.21,2
4300604,Alvorada,RS,43.0,430060,ALVORADA,194061.0,3302273.0,5.325,29224.0,58588436.08,1640.0,17016.675169147846,1505.918242202194,184.0,540192.0,2281830.0,5.21,2
4300638,Amaral Ferrador,RS,43.0,430063,AMARAL FERRADOR,5384.0,147633.0,5.325,426.0,885858.46,44.0,27420.690936106985,791.2332838038633,184.0,540192.0,2281830.0,5.21,2
4300646,Ametista do Sul,RS,43.0,430064,AMETISTA DO SUL,7813.0,177772.0,5.325,2530.0,3427647.56,72.0,22753.359784973763,3238.1927556636374,184.0,540192.0,2281830.0,5.21,2
4300661,André da Rocha,RS,43.0,430066,ANDRE DA ROCHA,1156.0,193090.0,5.325,182.0,328793.44,10.0,167032.87197231833,1574.39446366782,184.0,540192.0,2281830.0,5.21,2
4300703,Anta Gorda,RS,43.0,430070,ANTA GORDA,6080.0,322293.0,5.325,1194.0,1158132.68,58.0,53008.71710526316,1963.8157894736844,184.0,540192.0,2281830.0,5.21,2
4300802,Antônio Prado,RS,43.0,430080,ANTONIO PRADO,13332.0,797513.0,5.325,1978.0,2409785.74,124.0,59819.45694569457,1483.6483648364838,184.0,540192.0,2281830.0,5.21,2
4300851,Arambaré,RS,43.0,430085,ARAMBARE,4215.0,285089.0,5.325,554.0,1331751.78,44.0,67636.7734282325,1314.35349940688,184.0,540192.0,2281830.0,5.21,2
4300877,Araricá,RS,43.0,430087,ARARICA,8831.0,236432.0,5.325,1476.0,2940967.44,61.0,26772.9588948024,1671.3848941229758,184.0,540192.0,2281830.0,5.21,2
4300901,Aratiba,RS,43.0,430090,ARATIBA,6618.0,946972.0,5.325,1190.0,1567713.92,58.0,143090.35962526442,1798.1263221517074,184.0,540192.0,2281830.0,5.21,2
4301008,Arroio do Meio,RS,43.0,430100,ARROIO DO MEIO,22524.0,1536560.0,5.325,3652.0,6515225.32,200.0,68218.78884745161,1621.3816373645889,184.0,540192.0,2281830.0,5.21,2
4301057,Arroio do Sal,RS,43.0,430105,ARROIO DO SAL,11419.0,285580.0,5.325,1690.0,3706780.66,114.0,25009.195200980823,1479.989491198879,184.0,540192.0,2281830.0,5.21,2
4301073,Arroio do Padre,RS,43.0,430107,ARROIO DO PADRE,2650.0,76785.0,5.325,288.0,782278.3400000001,31.0,28975.471698113208,1086.7924528301887,184.0,540192.0,2281830.0,5.21,2
4301107,Arroio dos Ratos,RS,43.0,430110,ARROIO DOS RATOS,14934.0,357348.0,5.325,2690.0,4862855.56,131.0,23928.485335476096,1801.258872371769,184.0,540192.0,2281830.0,5.21,2
4301206,Arroio do Tigre,RS,43.0,430120,ARROIO DO TIGRE,12290.0,429273.0,5.325,2786.0,3647836.48,106.0,34928.6411716843,2266.883645240033,184.0,540192.0,2281830.0,5.21,2
4301305,Arroio Grande,RS,43.0,430130,ARROIO GRANDE,17879.0,1131512.0,5.325,2714.0,4269069.36,204.0,63287.20845684881,1517.981990044186,184.0,540192.0,2281830.0,5.21,2
4301404,Arvorezinha,RS,43.0,430140,ARVOREZINHA,10547.0,336248.0,5.325,2178.0,2941763.14,105.0,31880.914003982176,2065.0421920925382,184.0,540192.0,2281830.0,5.21,2
4301503,Augusto Pestana,RS,43.0,430150,AUGUSTO PESTANA,7303.0,504184.0,5.325,1042.0,2025357.96,86.0,69037.92961796522,1426.810899630289,184.0,540192.0,2281830.0,5.21,2
4301552,Áurea,RS,43.0,430155,AUREA,3458.0,163439.0,5.325,552.0,912304.8,34.0,47264.02544823597,1596.2984384037015,184.0,540192.0,2281830.0,5.21,2
4301602,Bagé,RS,43.0,430160,BAGE,121929.0,3748437.0,5.325,16616.0,25498740.96,1257.0,30742.784735378787,1362.7602949257357,184.0,540192.0,2281830.0,5.21,2
4301636,Balneário Pinhal,RS,43.0,430163,BALNEARIO PINHAL,15413.0,312095.0,5.325,1920.0,4631880.16,198.0,20248.81593460066,1245.7016803996626,184.0,540192.0,2281830.0,5.21,2
4301651,Barão,RS,43.0,430165,BARAO,6496.0,308102.0,5.325,548.0,1113277.02,41.0,47429.49507389162,843.5960591133004,184.0,540192.0,2281830.0,5.21,2
4301701,Barão de Cotegipe,RS,43.0,430170,BARAO DE COTEGIPE,7320.0,341674.0,5.325,980.0,1850382.96,71.0,46676.77595628415,1338.7978142076504,184.0,540192.0,2281830.0,5.21,2
4301750,Barão do Triunfo,RS,43.0,430175,BARAO DO TRIUNFO,5972.0,142319.0,5.325,848.0,1271290.82,56.0,23831.044876088414,1419.959812458138,184.0,540192.0,2281830.0,5.21,2
4301800,Barracão,RS,43.0,430180,BARRACAO,4915.0,317085.0,5.325,822.0,1296903.04,47.0,64513.73346897253,1672.431332655137,184.0,540192.0,2281830.0,5.21,2
4301859,Barra do Guarita,RS,43.0,430185,BARRA DO GUARITA,3231.0,56812.0,5.325,672.0,1022547.1,29.0,17583.410708758896,2079.851439182916,184.0,540192.0,2281830.0,5.21,2
4301875,Barra do Quaraí,RS,43.0,430187,BARRA DO QUARAI,4340.0,386183.0,5.325,344.0,574963.16,23.0,88982.25806451614,792.6267281105991,184.0,540192.0,2281830.0,5.21,2
4301909,Barra do Ribeiro,RS,43.0,430190,BARRA DO RIBEIRO,12476.0,507428.0,5.325,1612.0,2826683.58,135.0,40672.33087528054,1292.0807951266431,184.0,540192.0,2281830.0,5.21,2
4301925,Barra do Rio Azul,RS,43.0,430192,BARRA DO RIO AZUL,1721.0,80748.0,5.325,334.0,528865.98,13.0,46919.233004067406,1940.7321324811155,184.0,540192.0,2281830.0,5.21,2
4301958,Barra Funda,RS,43.0,430195,BARRA FUNDA,2557.0,165030.0,5.325,506.0,796994.78,23.0,64540.47712162691,1978.881501759875,184.0,540192.0,2281830.0,5.21,2
4302006,Barros Cassal,RS,43.0,430200,BARROS CASSAL,9424.0,244514.0,5.325,1412.0,2653806.24,117.0,25945.88285229202,1498.30220713073,184.0,540192.0,2281830.0,5.21,2
4302055,Benjamin Constant do Sul,RS,43.0,430205,BENJAMIN CONSTANT DO SUL,2118.0,49314.0,5.325,378.0,638115.06,19.0,23283.28611898017,1784.7025495750706,184.0,540192.0,2281830.0,5.21,2
4302105,Bento Gonçalves,RS,43.0,430210,BENTO GONCALVES,127980.0,7498525.0,5.325,12870.0,27744515.74,843.0,58591.38146585404,1005.6258790436004,184.0,540192.0,2281830.0,5.21,2
4302154,Boa Vista das Missões,RS,43.0,430215,BOA VISTA DAS MISSOES,1968.0,238522.0,5.325,532.0,511182.14,20.0,121200.20325203252,2703.252032520325,184.0,540192.0,2281830.0,5.21,2
4302204,Boa Vista do Buricá,RS,43.0,430220,BOA VISTA DO BURICA,7129.0,326887.0,5.325,1282.0,1548696.28,51.0,45853.1350820592,1798.2886800392762,184.0,540192.0,2281830.0,5.21,2
4302220,Boa Vista do Cadeado,RS,43.0,430222,BOA VISTA DO CADEADO,2269.0,468752.0,5.325,416.0,776864.42,20.0,206589.6870868224,1833.4067871308944,184.0,540192.0,2281830.0,5.21,2
4302238,Boa Vista do Incra,RS,43.0,430223,BOA VISTA DO INCRA,2314.0,384174.0,5.325,500.0,1169673.06,23.0,166021.60760587727,2160.76058772688,184.0,540192.0,2281830.0,5.21,2
4302253,Boa Vista do Sul,RS,43.0,430225,BOA VISTA DO SUL,2815.0,120127.0,5.325,538.0,977628.92,34.0,42673.88987566607,1911.190053285968,184.0,540192.0,2281830.0,5.21,2
4302303,Bom Jesus,RS,43.0,430230,BOM JESUS,11429.0,613624.0,5.325,2298.0,3255275.18,109.0,53690.08662175168,2010.6745997025112,184.0,540192.0,2281830.0,5.21,2
4302352,Bom Princípio,RS,43.0,430235,BOM PRINCIPIO,13665.0,906596.0,5.325,2168.0,3289682.34,104.0,66344.38346139774,1586.5349432857663,184.0,540192.0,2281830.0,5.21,2
4302378,Bom Progresso,RS,43.0,430237,BOM PROGRESSO,2132.0,86280.0,5.325,478.0,731969.92,14.0,40469.04315196998,2242.02626641651,184.0,540192.0,2281830.0,5.21,2
4302402,Bom Retiro do Sul,RS,43.0,430240,BOM RETIRO DO SUL,12587.0,403056.0,5.325,2476.0,3888821.38,145.0,32021.609597203464,1967.1089219035512,184.0,540192.0,2281830.0,5.21,2
4302451,Boqueirão do Leão,RS,43.0,430245,BOQUEIRAO DO LEAO,6202.0,150395.0,5.325,1128.0,1287431.9,60.0,24249.43566591422,1818.7681393099,184.0,540192.0,2281830.0,5.21,2
4302501,Bossoroca,RS,43.0,430250,BOSSOROCA,5978.0,490599.0,5.325,854.0,1385528.9,55.0,82067.41385078622,1428.5714285714284,184.0,540192.0,2281830.0,5.21,2
4302584,Bozano,RS,43.0,430258,BOZANO,2195.0,227410.0,5.325,282.0,371338.54,20.0,103603.64464692483,1284.738041002278,184.0,540192.0,2281830.0,5.21,2
4302600,Braga,RS,43.0,430260,BRAGA,3322.0,130949.0,5.325,686.0,819416.22,28.0,39418.72366044552,2065.021071643588,184.0,540192.0,2281830.0,5.21,2
4302659,Brochier,RS,43.0,430265,BROCHIER,5083.0,117701.0,5.325,764.0,1403514.12,70.0,23155.813495966948,1503.049380287232,184.0,540192.0,2281830.0,5.21,2
4302709,Butiá,RS,43.0,430270,BUTIA,19421.0,543351.0,5.325,3628.0,5967263.5,209.0,27977.498584007004,1868.0809433087893,184.0,540192.0,2281830.0,5.21,2
4302808,Caçapava do Sul,RS,43.0,430280,CACAPAVA DO SUL,33501.0,1122674.0,5.325,5546.0,8644455.08,399.0,33511.65636846661,1655.4729709560909,184.0,540192.0,2281830.0,5.21,2
4302907,Cacequi,RS,43.0,430290,CACEQUI,11299.0,623088.0,5.325,2010.0,2007744.44,124.0,55145.41109832728,1778.918488361802,184.0,540192.0,2281830.0,5.21,2
4303004,Cachoeira do Sul,RS,43.0,430300,CACHOEIRA DO SUL,82222.0,3542706.0,5.325,13100.0,24773657.62,987.0,43087.08131643599,1593.247549317701,184.0,540192.0,2281830.0,5.21,2
4303103,Cachoeirinha,RS,43.0,430310,CACHOEIRINHA,141506.0,6458504.0,5.325,16314.0,35102344.6,1043.0,45641.2024931805,1152.883976651167,184.0,540192.0,2281830.0,5.21,2
4303202,Cacique Doble,RS,43.0,430320,CACIQUE DOBLE,4692.0,169236.0,5.325,938.0,1666634.76,35.0,36069.0537084399,1999.147485080989,184.0,540192.0,2281830.0,5.21,2
4303301,Caibaté,RS,43.0,430330,CAIBATE,4795.0,264916.0,5.325,1016.0,1261906.06,55.0,55248.38373305526,2118.873826903024,184.0,540192.0,2281830.0,5.21,2
4303400,Caiçara,RS,43.0,430340,CAICARA,4931.0,149122.0,5.325,1402.0,1908958.82,35.0,30241.735956195495,2843.236665990671,184.0,540192.0,2281830.0,5.21,2
4303509,Camaquã,RS,43.0,430350,CAMAQUA,63961.0,2723674.0,5.325,8546.0,18139873.84,617.0,42583.355482247,1336.1267022091586,184.0,540192.0,2281830.0,5.21,2
4303558,Camargo,RS,43.0,430355,CAMARGO,3060.0,520483.0,5.325,424.0,691879.54,30.0,170092.48366013073,1385.6209150326797,184.0,540192.0,2281830.0,5.21,2
4303608,Cambará do Sul,RS,43.0,430360,CAMBARA DO SUL,6490.0,242578.0,5.325,1058.0,1836819.34,57.0,37377.19568567026,1630.20030816641,184.0,540192.0,2281830.0,5.21,2
4303673,Campestre da Serra,RS,43.0,430367,CAMPESTRE DA SERRA,3311.0,204703.0,5.325,424.0,798347.8,33.0,61825.12836001208,1280.579885231048,184.0,540192.0,2281830.0,5.21,2
4303707,Campina das Missões,RS,43.0,430370,CAMPINA DAS MISSOES,5999.0,239170.0,5.325,1540.0,2134355.96,60.0,39868.31138523088,2567.0945157526253,184.0,540192.0,2281830.0,5.21,2
4303806,Campinas do Sul,RS,43.0,430380,CAMPINAS DO SUL,5388.0,399404.0,5.325,1164.0,1590410.72,73.0,74128.43355605048,2160.356347438753,184.0,540192.0,2281830.0,5.21,2
4303905,Campo Bom,RS,43.0,430390,CAMPO BOM,64720.0,3600083.0,5.325,11070.0,17173862.76,519.0,55625.50988875155,1710.4449938195305,184.0,540192.0,2281830.0,5.21,2
4304002,Campo Novo,RS,43.0,430400,CAMPO NOVO,5063.0,325740.0,5.325,1104.0,908263.08,63.0,64337.34939759036,2180.525380209362,184.0,540192.0,2281830.0,5.21,2
4304101,Campos Borges,RS,43.0,430410,CAMPOS BORGES,3695.0,150034.0,5.325,514.0,1298558.86,33.0,40604.60081190799,1391.06901217862,184.0,540192.0,2281830.0,5.21,2
4304200,Candelária,RS,43.0,430420,CANDELARIA,29775.0,1078191.0,5.325,4800.0,6404289.04,342.0,36211.28463476071,1612.0906801007557,184.0,540192.0,2281830.0,5.21,2
4304309,Cândido Godói,RS,43.0,430430,CANDIDO GODOI,6419.0,358438.0,5.325,2126.0,2578097.56,80.0,55840.16201900608,3312.042374201589,184.0,540192.0,2281830.0,5.21,2
4304358,Candiota,RS,43.0,430435,CANDIOTA,11012.0,2744010.0,5.325,962.0,1680415.74,71.0,249183.617871413,873.5924446058845,184.0,540192.0,2281830.0,5.21,2
4304408,Canela,RS,43.0,430440,CANELA,50717.0,1595265.0,5.325,7722.0,10557433.46,317.0,31454.24611077153,1522.5663978547627,184.0,540192.0,2281830.0,5.21,2
4304507,Canguçu,RS,43.0,430450,CANGUCU,50968.0,1660011.0,5.325,6220.0,12601806.64,556.0,32569.671166221942,1220.373567728771,184.0,540192.0,2281830.0,5.21,2
4304606,Canoas,RS,43.0,430460,CANOAS,359845.0,21995418.0,5.325,57284.0,118726450.16,3136.0,61124.70091289305,1591.9076268949132,184.0,540192.0,2281830.0,5.21,2
4304614,Canudos do Vale,RS,43.0,430461,CANUDOS DO VALE,1686.0,67988.0,5.325,310.0,598365.04,22.0,40325.02965599051,1838.6714116251485,184.0,540192.0,2281830.0,5.21,2
4304622,Capão Bonito do Sul,RS,43.0,430462,CAPAO BONITO DO SUL,1769.0,342053.0,5.325,330.0,711263.82,20.0,193359.52515545505,1865.4607122668172,184.0,540192.0,2281830.0,5.21,2
4304630,Capão da Canoa,RS,43.0,430463,CAPAO DA CANOA,66237.0,1966028.0,5.325,8740.0,17681403.44,500.0,29681.71867687244,1319.5042045986384,184.0,540192.0,2281830.0,5.21,2
4304655,Capão do Cipó,RS,43.0,430465,CAPAO DO CIPO,3187.0,644965.0,5.325,328.0,534487.4400000001,23.0,202373.70567932224,1029.1810480075303,184.0,540192.0,2281830.0,5.21,2
4304663,Capão do Leão,RS,43.0,430466,CAPAO DO LEAO,27416.0,830088.0,5.325,2890.0,5907436.02,253.0,30277.502188503066,1054.1289757805662,184.0,540192.0,2281830.0,5.21,2
4304671,Capivari do Sul,RS,43.0,430467,CAPIVARI DO SUL,4080.0,386834.0,5.325,636.0,1164836.92,44.0,94812.25490196078,1558.8235294117646,184.0,540192.0,2281830.0,5.21,2
4304689,Capela de Santana,RS,43.0,430468,CAPELA DE SANTANA,11424.0,298588.0,5.325,1544.0,2614663.72,108.0,26136.904761904763,1351.5406162464983,184.0,540192.0,2281830.0,5.21,2
4304697,Capitão,RS,43.0,430469,CAPITAO,2994.0,95379.0,5.325,824.0,1321211.46,27.0,31856.71342685371,2752.1710086840344,184.0,540192.0,2281830.0,5.21,2
4304705,Carazinho,RS,43.0,430470,CARAZINHO,63671.0,3846858.0,5.325,10912.0,20432659.24,620.0,60417.74120086068,1713.810054813023,184.0,540192.0,2281830.0,5.21,2
4304713,Caraá,RS,43.0,430471,CARAA,7555.0,165661.0,5.325,1302.0,2214556.64,65.0,21927.33289212442,1723.3620119126406,184.0,540192.0,2281830.0,5.21,2
4304804,Carlos Barbosa,RS,43.0,430480,CARLOS BARBOSA,31586.0,3529584.0,5.325,4224.0,5650895.06,202.0,111745.20357120244,1337.3013360349523,184.0,540192.0,2281830.0,5.21,2
4304853,Carlos Gomes,RS,43.0,430485,CARLOS GOMES,1384.0,70447.0,5.325,246.0,308290.26,13.0,50901.011560693645,1777.456647398844,184.0,540192.0,2281830.0,5.21,2
4304903,Casca,RS,43.0,430490,CASCA,9698.0,717921.0,5.325,1444.0,2386558.0,81.0,74027.73767787173,1488.9667972777893,184.0,540192.0,2281830.0,5.21,2
4304952,Caseiros,RS,43.0,430495,CASEIROS,3064.0,199197.0,5.325,468.0,1186881.72,28.0,65012.07571801567,1527.4151436031334,184.0,540192.0,2281830.0,5.21,2
4305009,Catuípe,RS,43.0,430500,CATUIPE,8834.0,638112.0,5.325,1222.0,2587561.08,108.0,72233.64274394386,1383.291827031922,184.0,540192.0,2281830.0,5.21,2
4305108,Caxias do Sul,RS,43.0,430510,CAXIAS DO SUL,479604.0,31688552.0,5.325,43570.0,99036167.04,3411.0,66072.32633589378,908.4578110274308,184.0,540192.0,2281830.0,5.21,2
4305116,Centenário,RS,43.0,430511,CENTENARIO,2777.0,120779.0,5.325,406.0,656478.1,34.0,43492.61793302125,1462.009362621534,184.0,540192.0,2281830.0,5.21,2
4305124,Cerrito,RS,43.0,430512,CERRITO,5909.0,161328.0,5.325,856.0,1674568.72,77.0,27302.0815704857,1448.63767134879,184.0,540192.0,2281830.0,5.21,2
4305132,Cerro Branco,RS,43.0,430513,CERRO BRANCO,3859.0,90159.0,5.325,680.0,1230489.4,52.0,23363.306556102616,1762.114537444934,184.0,540192.0,2281830.0,5.21,2
4305157,Cerro Grande,RS,43.0,430515,CERRO GRANDE,2428.0,74182.0,5.325,546.0,765987.74,27.0,30552.718286655683,2248.764415156508,184.0,540192.0,2281830.0,5.21,2
4305173,Cerro Grande do Sul,RS,43.0,430517,CERRO GRANDE DO SUL,9333.0,203184.0,5.325,1248.0,2833369.38,84.0,21770.491803278688,1337.1906139504983,184.0,540192.0,2281830.0,5.21,2
4305207,Cerro Largo,RS,43.0,430520,CERRO LARGO,14015.0,796777.0,5.325,1826.0,2696473.18,142.0,56851.7302889761,1302.8897609703888,184.0,540192.0,2281830.0,5.21,2
4305306,Chapada,RS,43.0,430530,CHAPADA,9751.0,741828.0,5.325,1794.0,2500167.48,101.0,76077.12029535433,1839.811301404984,184.0,540192.0,2281830.0,5.21,2
4305355,Charqueadas,RS,43.0,430535,CHARQUEADAS,36110.0,1736983.0,5.325,7052.0,10511118.92,307.0,48102.54777070064,1952.921628357796,184.0,540192.0,2281830.0,5.21,2
4305371,Charrua,RS,43.0,430537,CHARRUA,2800.0,149352.0,5.325,608.0,1471181.18,31.0,53340.0,2171.428571428572,184.0,540192.0,2281830.0,5.21,2
4305405,Chiapetta,RS,43.0,430540,CHIAPETTA,3991.0,388836.0,5.325,904.0,1170058.26,44.0,97428.21348033074,2265.096467050864,184.0,540192.0,2281830.0,5.21,2
4305439,Chuí,RS,43.0,430543,CHUI,6409.0,370303.0,5.325,316.0,518983.5,29.0,57778.59260415041,493.05663910126384,184.0,540192.0,2281830.0,5.21,2
4305447,Chuvisca,RS,43.0,430544,CHUVISCA,4682.0,129741.0,5.325,448.0,831842.28,35.0,27710.593763349,956.8560444254592,184.0,540192.0,2281830.0,5.21,2
4305454,Cidreira,RS,43.0,430545,CIDREIRA,17584.0,362063.0,5.325,2216.0,4944884.16,210.0,20590.47998180164,1260.236578707916,184.0,540192.0,2281830.0,5.21,2
4305504,Ciríaco,RS,43.0,430550,CIRIACO,4208.0,264361.0,5.325,676.0,1574871.18,42.0,62823.431558935365,1606.4638783269963,184.0,540192.0,2281830.0,5.21,2
4305587,Colinas,RS,43.0,430558,COLINAS,2474.0,87210.0,5.325,462.0,1081703.46,31.0,35250.60630557801,1867.421180274859,184.0,540192.0,2281830.0,5.21,2
4305603,Colorado,RS,43.0,430560,COLORADO,3316.0,338158.0,5.325,252.0,362406.7,28.0,101977.68395657418,759.9517490952954,184.0,540192.0,2281830.0,5.21,2
4305702,Condor,RS,43.0,430570,CONDOR,6538.0,624707.0,5.325,1464.0,1519659.54,58.0,95550.16824717038,2239.216885897828,184.0,540192.0,2281830.0,5.21,2
4305801,Constantina,RS,43.0,430580,CONSTANTINA,10631.0,432350.0,5.325,2198.0,3165421.0,91.0,40668.79879597404,2067.538331295269,184.0,540192.0,2281830.0,5.21,2
4305835,Coqueiro Baixo,RS,43.0,430583,COQUEIRO BAIXO,1308.0,52164.0,5.325,420.0,454139.86,13.0,39880.733944954125,3211.009174311927,184.0,540192.0,2281830.0,5.21,2
4305850,Coqueiros do Sul,RS,43.0,430585,COQUEIROS DO SUL,2248.0,190145.0,5.325,404.0,814650.84,23.0,84584.07473309609,1797.1530249110322,184.0,540192.0,2281830.0,5.21,2
4305871,Coronel Barros,RS,43.0,430587,CORONEL BARROS,2896.0,226126.0,5.325,372.0,877231.02,30.0,78082.18232044199,1284.5303867403316,184.0,540192.0,2281830.0,5.21,2
4305900,Coronel Bicaco,RS,43.0,430590,CORONEL BICACO,6214.0,515154.0,5.325,1876.0,2059169.44,76.0,82902.15642098487,3018.9893788220147,184.0,540192.0,2281830.0,5.21,2
4305934,Coronel Pilar,RS,43.0,430593,CORONEL PILAR,1637.0,49060.0,5.325,296.0,472103.24,12.0,29969.456322541235,1808.1857055589487,184.0,540192.0,2281830.0,5.21,2
4305959,Cotiporã,RS,43.0,430595,COTIPORA,3926.0,167929.0,5.325,704.0,1329832.3,51.0,42773.560876209885,1793.173713703515,184.0,540192.0,2281830.0,5.21,2
4305975,Coxilha,RS,43.0,430597,COXILHA,2718.0,422465.0,5.325,566.0,1264387.16,23.0,155432.30316409125,2082.413539367182,184.0,540192.0,2281830.0,5.21,2
4306007,Crissiumal,RS,43.0,430600,CRISSIUMAL,13116.0,508979.0,5.325,2664.0,3263345.22,172.0,38805.96218359256,2031.1070448307407,184.0,540192.0,2281830.0,5.21,2
4306056,Cristal,RS,43.0,430605,CRISTAL,7455.0,308908.0,5.325,954.0,2456937.34,79.0,41436.35144198524,1279.6780684104629,184.0,540192.0,2281830.0,5.21,2
4306072,Cristal do Sul,RS,43.0,430607,CRISTAL DO SUL,2745.0,94741.0,5.325,828.0,985521.34,26.0,34514.02550091075,3016.393442622951,184.0,540192.0,2281830.0,5.21,2
4306106,Cruz Alta,RS,43.0,430610,CRUZ ALTA,60453.0,4609397.0,5.325,9470.0,17996594.9,680.0,76247.61384877509,1566.506211436984,184.0,540192.0,2281830.0,5.21,2
4306130,Cruzaltense,RS,43.0,430613,CRUZALTENSE,1650.0,144764.0,5.325,348.0,426052.52,21.0,87735.75757575757,2109.090909090909,184.0,540192.0,2281830.0,5.21,2
4306205,Cruzeiro do Sul,RS,43.0,430620,CRUZEIRO DO SUL,12574.0,533004.0,5.325,1816.0,3629336.18,132.0,42389.37490058852,1444.2500397645936,184.0,540192.0,2281830.0,5.21,2
4306304,David Canabarro,RS,43.0,430630,DAVID CANABARRO,4400.0,229364.0,5.325,774.0,1810644.06,42.0,52128.181818181816,1759.090909090909,184.0,540192.0,2281830.0,5.21,2
4306320,Derrubadas,RS,43.0,430632,DERRUBADAS,2793.0,148408.0,5.325,678.0,989019.62,29.0,53135.696383816685,2427.49731471536,184.0,540192.0,2281830.0,5.21,2
4306353,Dezesseis de Novembro,RS,43.0,430635,DEZESSEIS DE NOVEMBRO,2540.0,57175.0,5.325,476.0,626686.08,21.0,22509.84251968504,1874.0157480314963,184.0,540192.0,2281830.0,5.21,2
4306379,Dilermando de Aguiar,RS,43.0,430637,DILERMANDO DE AGUIAR,2856.0,267902.0,5.325,572.0,987750.78,32.0,93803.2212885154,2002.8011204481795,184.0,540192.0,2281830.0,5.21,2
4306403,Dois Irmãos,RS,43.0,430640,DOIS IRMAOS,31805.0,2188545.0,5.325,4680.0,7123003.04,220.0,68811.35041660117,1471.466750510926,184.0,540192.0,2281830.0,5.21,2
4306429,Dois Irmãos das Missões,RS,43.0,430642,DOIS IRMAOS DAS MISSOES,2132.0,199195.0,5.325,384.0,614317.38,22.0,93431.05065666042,1801.125703564728,184.0,540192.0,2281830.0,5.21,2
4306452,Dois Lajeados,RS,43.0,430645,DOIS LAJEADOS,3156.0,172602.0,5.325,1216.0,1281042.24,39.0,54690.11406844106,3852.97845373891,184.0,540192.0,2281830.0,5.21,2
4306502,Dom Feliciano,RS,43.0,430650,DOM FELICIANO,13279.0,356860.0,5.325,2218.0,3315903.04,158.0,26874.01159725883,1670.3064989833572,184.0,540192.0,2281830.0,5.21,2
4306551,Dom Pedro de Alcântara,RS,43.0,430655,DOM PEDRO DE ALCANTARA,2617.0,65534.0,5.325,436.0,943004.06,24.0,25041.65074512801,1666.0298051203667,184.0,540192.0,2281830.0,5.21,2
4306601,Dom Pedrito,RS,43.0,430660,DOM PEDRITO,38080.0,2210948.0,5.325,5544.0,7159519.38,388.0,58060.60924369748,1455.8823529411766,184.0,540192.0,2281830.0,5.21,2
4306700,Dona Francisca,RS,43.0,430670,DONA FRANCISCA,3133.0,106596.0,5.325,592.0,1044213.86,41.0,34023.619533992976,1889.562719438238,184.0,540192.0,2281830.0,5.21,2
4306734,Doutor Maurício Cardoso,RS,43.0,430673,DOUTOR MAURICIO CARDOSO,4533.0,260797.0,5.325,750.0,1197277.64,63.0,57532.9803662034,1654.533421575116,184.0,540192.0,2281830.0,5.21,2
4306759,Doutor Ricardo,RS,43.0,430675,DOUTOR RICARDO,1924.0,78891.0,5.325,348.0,585272.68,24.0,41003.63825363825,1808.7318087318088,184.0,540192.0,2281830.0,5.21,2
4306767,Eldorado do Sul,RS,43.0,430676,ELDORADO DO SUL,41013.0,2120269.0,5.325,5734.0,11660675.52,267.0,51697.48616292395,1398.093287494209,184.0,540192.0,2281830.0,5.21,2
4306809,Encantado,RS,43.0,430680,ENCANTADO,23521.0,1168358.0,5.325,3884.0,6312995.46,182.0,49672.97308787892,1651.2903362952256,184.0,540192.0,2281830.0,5.21,2
4306908,Encruzilhada do Sul,RS,43.0,430690,ENCRUZILHADA DO SUL,24275.0,1080949.0,5.325,4298.0,5692228.26,265.0,44529.30998970134,1770.5458290422246,184.0,540192.0,2281830.0,5.21,2
4306924,Engenho Velho,RS,43.0,430692,ENGENHO VELHO,1315.0,73214.0,5.325,296.0,221483.66,15.0,55676.04562737643,2250.950570342205,184.0,540192.0,2281830.0,5.21,2
4306932,Entre-Ijuís,RS,43.0,430693,ENTRE-IJUIS,9368.0,687578.0,5.325,1254.0,2281405.44,105.0,73396.4560204953,1338.599487617421,184.0,540192.0,2281830.0,5.21,2
4306957,Entre Rios do Sul,RS,43.0,430695,ENTRE RIOS DO SUL,2727.0,207517.0,5.325,662.0,814040.86,37.0,76097.1763843051,2427.5760909424275,184.0,540192.0,2281830.0,5.21,2
4306973,Erebango,RS,43.0,430697,EREBANGO,3122.0,180479.0,5.325,678.0,1165108.38,25.0,57808.77642536836,2171.684817424728,184.0,540192.0,2281830.0,5.21,2
4307005,Erechim,RS,43.0,430700,ERECHIM,109610.0,6882629.0,5.325,15328.0,25654233.96,798.0,62791.98065869902,1398.412553599124,184.0,540192.0,2281830.0,5.21,2
4307054,Ernestina,RS,43.0,430705,ERNESTINA,3097.0,265549.0,5.325,508.0,1123230.88,26.0,85743.94575395544,1640.2970616725866,184.0,540192.0,2281830.0,5.21,2
4307104,Herval,RS,43.0,430710,HERVAL,6302.0,253608.0,5.325,780.0,1040405.36,73.0,40242.46271025072,1237.7023167248492,184.0,540192.0,2281830.0,5.21,2
4307203,Erval Grande,RS,43.0,430720,ERVAL GRANDE,5027.0,150883.0,5.325,890.0,1715898.0,48.0,30014.52158344937,1770.4396260194949,184.0,540192.0,2281830.0,5.21,2
4307302,Erval Seco,RS,43.0,430730,ERVAL SECO,6891.0,353968.0,5.325,1290.0,1861035.36,78.0,51366.710201712376,1872.0069656073135,184.0,540192.0,2281830.0,5.21,2
4307401,Esmeralda,RS,43.0,430740,ESMERALDA,3264.0,392860.0,5.325,502.0,911991.54,31.0,120361.51960784312,1537.9901960784314,184.0,540192.0,2281830.0,5.21,2
4307450,Esperança do Sul,RS,43.0,430745,ESPERANCA DO SUL,3293.0,116731.0,5.325,858.0,1439946.66,57.0,35448.22350440328,2605.526875189797,184.0,540192.0,2281830.0,5.21,2
4307500,Espumoso,RS,43.0,430750,ESPUMOSO,15478.0,1113106.0,5.325,2088.0,4242151.2,161.0,71915.36374208554,1349.0115001938236,184.0,540192.0,2281830.0,5.21,2
4307559,Estação,RS,43.0,430755,ESTACAO,5685.0,350708.0,5.325,1026.0,1410209.62,46.0,61690.061565523305,1804.7493403693927,184.0,540192.0,2281830.0,5.21,2
4307609,Estância Velha,RS,43.0,430760,ESTANCIA VELHA,49500.0,1875498.0,5.325,7510.0,14387657.08,383.0,37888.84848484849,1517.171717171717,184.0,540192.0,2281830.0,5.21,2
4307708,Esteio,RS,43.0,430770,ESTEIO,78143.0,3749900.0,5.325,15788.0,28294154.24,683.0,47987.663642296815,2020.3985001855572,184.0,540192.0,2281830.0,5.21,2
4307807,Estrela,RS,43.0,430780,ESTRELA,33263.0,2171447.0,5.325,5408.0,10704359.5,286.0,65281.15323332231,1625.8305023599794,184.0,540192.0,2281830.0,5.21,2
4307815,Estrela Velha,RS,43.0,430781,ESTRELA VELHA,3115.0,197415.0,5.325,716.0,1175002.56,30.0,63375.60192616373,2298.5553772070625,184.0,540192.0,2281830.0,5.21,2
4307831,Eugênio de Castro,RS,43.0,430783,EUGENIO DE CASTRO,2683.0,405444.0,5.325,386.0,700822.54,43.0,151115.91502049944,1438.6880357808425,184.0,540192.0,2281830.0,5.21,2
4307864,Fagundes Varela,RS,43.0,430786,FAGUNDES VARELA,2620.0,197919.0,5.325,386.0,437885.26,24.0,75541.60305343512,1473.2824427480916,184.0,540192.0,2281830.0,5.21,2
4307906,Farroupilha,RS,43.0,430790,FARROUPILHA,72553.0,4398457.0,5.325,11390.0,20039294.58,480.0,60624.05413973233,1569.8868413435696,184.0,540192.0,2281830.0,5.21,2
4308003,Faxinal do Soturno,RS,43.0,430800,FAXINAL DO SOTURNO,6846.0,270106.0,5.325,1552.0,2274798.18,69.0,39454.57201285422,2267.0172363423894,184.0,540192.0,2281830.0,5.21,2
4308052,Faxinalzinho,RS,43.0,430805,FAXINALZINHO,2572.0,103166.0,5.325,656.0,849806.62,21.0,40111.19751166408,2550.5443234836707,184.0,540192.0,2281830.0,5.21,2
4308078,Fazenda Vilanova,RS,43.0,430807,FAZENDA VILANOVA,4405.0,140824.0,5.325,932.0,1603204.38,34.0,31969.12599318956,2115.7775255391603,184.0,540192.0,2281830.0,5.21,2
4308102,Feliz,RS,43.0,430810,FELIZ,13994.0,589355.0,5.325,1148.0,2423969.48,108.0,42114.8349292554,820.3515792482492,184.0,540192.0,2281830.0,5.21,2
4308201,Flores da Cunha,RS,43.0,430820,FLORES DA CUNHA,32015.0,2538142.0,5.325,2876.0,5176315.68,216.0,79279.77510541934,898.328908324223,184.0,540192.0,2281830.0,5.21,2
4308250,Floriano Peixoto,RS,43.0,430825,FLORIANO PEIXOTO,1690.0,103059.0,5.325,446.0,537999.06,23.0,60981.65680473373,2639.05325443787,184.0,540192.0,2281830.0,5.21,2
4308300,Fontoura Xavier,RS,43.0,430830,FONTOURA XAVIER,9710.0,227470.0,5.325,1316.0,2864178.48,75.0,23426.36457260556,1355.3038105046344,184.0,540192.0,2281830.0,5.21,2
4308409,Formigueiro,RS,43.0,430840,FORMIGUEIRO,6527.0,302801.0,5.325,984.0,1379733.96,68.0,46392.06373525356,1507.5838823349166,184.0,540192.0,2281830.0,5.21,2
4308433,Forquetinha,RS,43.0,430843,FORQUETINHA,2441.0,58940.0,5.325,374.0,745892.82,26.0,24145.84186808685,1532.158951249488,184.0,540192.0,2281830.0,5.21,2
4308458,Fortaleza dos Valos,RS,43.0,430845,FORTALEZA DOS VALOS,4569.0,564773.0,5.325,390.0,910839.48,48.0,123609.76143576276,853.5784635587656,184.0,540192.0,2281830.0,5.21,2
4308508,Frederico Westphalen,RS,43.0,430850,FREDERICO WESTPHALEN,33726.0,1430611.0,5.325,6680.0,9622882.5,288.0,42418.63843918638,1980.667734092392,184.0,540192.0,2281830.0,5.21,2
4308607,Garibaldi,RS,43.0,430860,GARIBALDI,35563.0,2997969.0,5.325,4900.0,7145606.18,282.0,84300.22776481175,1377.8365154795715,184.0,540192.0,2281830.0,5.21,2
4308656,Garruchos,RS,43.0,430865,GARRUCHOS,2724.0,200967.0,5.325,298.0,339365.92,15.0,73776.43171806168,1093.979441997063,184.0,540192.0,2281830.0,5.21,2
4308706,Gaurama,RS,43.0,430870,GAURAMA,5778.0,282773.0,5.325,1140.0,1354838.18,65.0,48939.59847698166,1973.0010384215996,184.0,540192.0,2281830.0,5.21,2
4308805,General Câmara,RS,43.0,430880,GENERAL CAMARA,7743.0,276374.0,5.325,1400.0,2007756.12,69.0,35693.40049076585,1808.0847216841016,184.0,540192.0,2281830.0,5.21,2
4308854,Gentil,RS,43.0,430885,GENTIL,1784.0,190648.0,5.325,216.0,787966.94,23.0,106865.47085201794,1210.7623318385652,184.0,540192.0,2281830.0,5.21,2
4308904,Getúlio Vargas,RS,43.0,430890,GETULIO VARGAS,16956.0,793664.0,5.325,3566.0,5367673.9,141.0,46807.26586459071,2103.090351497995,184.0,540192.0,2281830.0,5.21,2
4309001,Giruá,RS,43.0,430900,GIRUA,16273.0,1202945.0,5.325,3568.0,4918289.48,206.0,73922.75548454495,2192.5889510231677,184.0,540192.0,2281830.0,5.21,2
4309050,Glorinha,RS,43.0,430905,GLORINHA,7851.0,461888.0,5.325,842.0,1826573.62,74.0,58831.74117946759,1072.4748439689213,184.0,540192.0,2281830.0,5.21,2
4309100,Gramado,RS,43.0,430910,GRAMADO,41706.0,2658034.0,5.325,7166.0,9896467.4,278.0,63732.65237615691,1718.2180022059176,184.0,540192.0,2281830.0,5.21,2
4309126,Gramado dos Loureiros,RS,43.0,430912,GRAMADO DOS LOUREIROS,2047.0,94580.0,5.325,714.0,899946.68,16.0,46204.20127015144,3488.0312652662437,184.0,540192.0,2281830.0,5.21,2
4309159,Gramado Xavier,RS,43.0,430915,GRAMADO XAVIER,3350.0,109483.0,5.325,388.0,513481.82,34.0,32681.492537313432,1158.2089552238806,184.0,540192.0,2281830.0,5.21,2
4309209,Gravataí,RS,43.0,430920,GRAVATAI,275432.0,10261656.0,5.325,27746.0,60205548.18,2179.0,37256.58601760144,1007.3629788840803,184.0,540192.0,2281830.0,5.21,2
4309258,Guabiju,RS,43.0,430925,GUABIJU,1441.0,132788.0,5.325,244.0,301020.96,11.0,92149.8959056211,1693.268563497571,184.0,540192.0,2281830.0,5.21,2
4309308,Guaíba,RS,43.0,430930,GUAIBA,95946.0,8284825.0,5.325,12978.0,26409858.62,799.0,86348.83163446105,1352.6358576699392,184.0,540192.0,2281830.0,5.21,2
4309407,Guaporé,RS,43.0,430940,GUAPORE,26168.0,1149055.0,5.325,3944.0,6172744.64,193.0,43910.69244879242,1507.1843472944054,184.0,540192.0,2281830.0,5.21,2
4309506,Guarani das Missões,RS,43.0,430950,GUARANI DAS MISSOES,7547.0,362625.0,5.325,1336.0,1525605.8,105.0,48048.893600106,1770.2398303961838,184.0,540192.0,2281830.0,5.21,2
4309555,Harmonia,RS,43.0,430955,HARMONIA,5535.0,245497.0,5.325,668.0,1593533.84,58.0,44353.56820234869,1206.8654019873532,184.0,540192.0,2281830.0,5.21,2
4309571,Herveiras,RS,43.0,430957,HERVEIRAS,2604.0,71143.0,5.325,634.0,557770.76,30.0,27320.660522273425,2434.715821812596,184.0,540192.0,2281830.0,5.21,2
4309605,Horizontina,RS,43.0,430960,HORIZONTINA,19252.0,2608198.0,5.325,3084.0,4600177.76,163.0,135476.72969042178,1601.911489715354,184.0,540192.0,2281830.0,5.21,2
4309654,Hulha Negra,RS,43.0,430965,HULHA NEGRA,6102.0,314488.0,5.325,740.0,1028376.48,36.0,51538.51196329072,1212.7171419206818,184.0,540192.0,2281830.0,5.21,2
4309704,Humaitá,RS,43.0,430970,HUMAITA,4772.0,229249.0,5.325,1190.0,1312647.34,57.0,48040.44425817268,2493.7133277451803,184.0,540192.0,2281830.0,5.21,2
4309753,Ibarama,RS,43.0,430975,IBARAMA,3787.0,112227.0,5.325,738.0,966925.94,33.0,29634.80327435965,1948.7721151307103,184.0,540192.0,2281830.0,5.21,2
4309803,Ibiaçá,RS,43.0,430980,IBIACA,4617.0,367295.0,5.325,482.0,1087486.86,51.0,79552.73987437731,1043.96794455274,184.0,540192.0,2281830.0,5.21,2
4309902,Ibiraiaras,RS,43.0,430990,IBIRAIARAS,6827.0,399693.0,5.325,886.0,1697159.6,65.0,58545.920609345245,1297.7881939358429,184.0,540192.0,2281830.0,5.21,2
4309951,Ibirapuitã,RS,43.0,430995,IBIRAPUITA,3788.0,213522.0,5.325,610.0,1018904.74,48.0,56368.00422386484,1610.3484688489968,184.0,540192.0,2281830.0,5.21,2
4310009,Ibirubá,RS,43.0,431000,IBIRUBA,22106.0,1722057.0,5.325,3362.0,5415310.04,194.0,77899.98190536506,1520.854066769203,184.0,540192.0,2281830.0,5.21,2
4310108,Igrejinha,RS,43.0,431010,IGREJINHA,34777.0,1888887.0,5.325,8644.0,12467257.96,296.0,54314.25942433217,2485.5507950657043,184.0,540192.0,2281830.0,5.21,2
4310207,Ijuí,RS,43.0,431020,IJUI,87849.0,5190405.0,5.325,11326.0,22999286.94,741.0,59083.25649694362,1289.2577035595168,184.0,540192.0,2281830.0,5.21,2
4310306,Ilópolis,RS,43.0,431030,ILOPOLIS,4245.0,140570.0,5.325,790.0,1235268.92,42.0,33114.252061248524,1861.0129564193169,184.0,540192.0,2281830.0,5.21,2
4310330,Imbé,RS,43.0,431033,IMBE,28029.0,626823.0,5.325,4028.0,8381989.96,297.0,22363.373648720968,1437.0830211566592,184.0,540192.0,2281830.0,5.21,2
4310363,Imigrante,RS,43.0,431036,IMIGRANTE,3149.0,519190.0,5.325,610.0,1014944.18,24.0,164874.56335344553,1937.1228961575105,184.0,540192.0,2281830.0,5.21,2
4310405,Independência,RS,43.0,431040,INDEPENDENCIA,6557.0,494166.0,5.325,1002.0,2039018.72,80.0,75364.64846728687,1528.1378679274058,184.0,540192.0,2281830.0,5.21,2
4310413,Inhacorá,RS,43.0,431041,INHACORA,2047.0,110557.0,5.325,646.0,516684.38,21.0,54009.28187591598,3155.8378114313628,184.0,540192.0,2281830.0,5.21,2
4310439,Ipê,RS,43.0,431043,IPE,5490.0,298583.0,5.325,978.0,1375147.48,62.0,54386.70309653916,1781.4207650273222,184.0,540192.0,2281830.0,5.21,2
4310462,Ipiranga do Sul,RS,43.0,431046,IPIRANGA DO SUL,1748.0,177629.0,5.325,328.0,630561.22,18.0,101618.42105263156,1876.4302059496567,184.0,540192.0,2281830.0,5.21,2
4310504,Iraí,RS,43.0,431050,IRAI,7631.0,254492.0,5.325,2638.0,3127051.7,92.0,33349.75756781549,3456.95190669637,184.0,540192.0,2281830.0,5.21,2
4310538,Itaara,RS,43.0,431053,ITAARA,5712.0,286659.0,5.325,790.0,1542535.68,43.0,50185.399159663866,1383.0532212885155,184.0,540192.0,2281830.0,5.21,2
4310553,Itacurubi,RS,43.0,431055,ITACURUBI,3038.0,246287.0,5.325,426.0,741024.3,22.0,81068.7952600395,1402.238314680711,184.0,540192.0,2281830.0,5.21,2
4310579,Itapuca,RS,43.0,431057,ITAPUCA,1963.0,94235.0,5.325,436.0,654348.92,19.0,48005.60366785532,2221.090168110036,184.0,540192.0,2281830.0,5.21,2
4310603,Itaqui,RS,43.0,431060,ITAQUI,36811.0,2186929.0,5.325,5972.0,7926866.68,318.0,59409.66015593165,1622.341148026405,184.0,540192.0,2281830.0,5.21,2
4310652,Itati,RS,43.0,431065,ITATI,2696.0,86739.0,5.325,456.0,1162133.64,22.0,32173.21958456973,1691.394658753709,184.0,540192.0,2281830.0,5.21,2
4310702,Itatiba do Sul,RS,43.0,431070,ITATIBA DO SUL,3240.0,81707.0,5.325,518.0,888573.4,35.0,25218.20987654321,1598.7654320987654,184.0,540192.0,2281830.0,5.21,2
4310751,Ivorá,RS,43.0,431075,IVORA,1962.0,71911.0,5.325,420.0,601084.14,28.0,36651.88583078492,2140.672782874618,184.0,540192.0,2281830.0,5.21,2
4310801,Ivoti,RS,43.0,431080,IVOTI,23567.0,1180387.0,5.325,3328.0,5265819.74,155.0,50086.43442101243,1412.1440998005685,184.0,540192.0,2281830.0,5.21,2
4310850,Jaboticaba,RS,43.0,431085,JABOTICABA,3847.0,136730.0,5.325,958.0,988011.34,38.0,35541.98076423187,2490.252144528204,184.0,540192.0,2281830.0,5.21,2
4310876,Jacuizinho,RS,43.0,431087,JACUIZINHO,2066.0,224027.0,5.325,252.0,715899.36,23.0,108435.1403678606,1219.7483059051308,184.0,540192.0,2281830.0,5.21,2
4310900,Jacutinga,RS,43.0,431090,JACUTINGA,3398.0,232301.0,5.325,364.0,762176.12,38.0,68364.03766921718,1071.2183637433784,184.0,540192.0,2281830.0,5.21,2
4311007,Jaguarão,RS,43.0,431100,JAGUARAO,27396.0,1059396.0,5.325,3840.0,6150175.74,337.0,38669.73280770915,1401.664476565922,184.0,540192.0,2281830.0,5.21,2
4311106,Jaguari,RS,43.0,431110,JAGUARI,10771.0,378020.0,5.325,2444.0,3069617.18,133.0,35096.09135642002,2269.0557979760465,184.0,540192.0,2281830.0,5.21,2
4311122,Jaquirana,RS,43.0,431112,JAQUIRANA,3751.0,94042.0,5.325,732.0,927064.76,31.0,25071.18101839509,1951.4796054385497,184.0,540192.0,2281830.0,5.21,2
4311130,Jari,RS,43.0,431113,JARI,3412.0,469006.0,5.325,572.0,766736.72,44.0,137457.796014068,1676.4361078546308,184.0,540192.0,2281830.0,5.21,2
4311155,Jóia,RS,43.0,431115,JOIA,7294.0,975410.0,5.325,936.0,2026677.7,79.0,133727.72141486153,1283.2465039758706,184.0,540192.0,2281830.0,5.21,2
4311205,Júlio de Castilhos,RS,43.0,431120,JULIO DE CASTILHOS,18545.0,1925175.0,5.325,3332.0,5134893.42,181.0,103811.00026961444,1796.710703693718,184.0,540192.0,2281830.0,5.21,2
4311239,Lagoa Bonita do Sul,RS,43.0,431123,LAGOA BONITA DO SUL,2283.0,68916.0,5.325,468.0,782731.18,23.0,30186.59658344284,2049.934296977661,184.0,540192.0,2281830.0,5.21,2
4311254,Lagoão,RS,43.0,431125,LAGOAO,5421.0,154690.0,5.325,710.0,1494004.2,58.0,28535.3255856853,1309.7214536063457,184.0,540192.0,2281830.0,5.21,2
4311270,Lagoa dos Três Cantos,RS,43.0,431127,LAGOA DOS TRES CANTOS,1781.0,157140.0,5.325,242.0,290300.38,18.0,88231.33071308254,1358.7871982032566,184.0,540192.0,2281830.0,5.21,2
4311304,Lagoa Vermelha,RS,43.0,431130,LAGOA VERMELHA,28622.0,1513404.0,5.325,4108.0,6831992.76,266.0,52875.55027601146,1435.259590524771,184.0,540192.0,2281830.0,5.21,2
4311403,Lajeado,RS,43.0,431140,LAJEADO,96883.0,5596183.0,5.325,10390.0,18628258.76,612.0,57762.28027620945,1072.427567271864,184.0,540192.0,2281830.0,5.21,2
4311429,Lajeado do Bugre,RS,43.0,431142,LAJEADO DO BUGRE,2661.0,74875.0,5.325,330.0,555542.54,22.0,28137.91807591131,1240.1352874859076,184.0,540192.0,2281830.0,5.21,2
4311502,Lavras do Sul,RS,43.0,431150,LAVRAS DO SUL,7290.0,497629.0,5.325,816.0,952952.56,64.0,68261.86556927298,1119.3415637860082,184.0,540192.0,2281830.0,5.21,2
4311601,Liberato Salzano,RS,43.0,431160,LIBERATO SALZANO,4845.0,172443.0,5.325,754.0,1419750.92,55.0,35591.95046439629,1556.2435500515994,184.0,540192.0,2281830.0,5.21,2
4311627,Lindolfo Collor,RS,43.0,431162,LINDOLFO COLLOR,6420.0,365850.0,5.325,1222.0,1504676.9,34.0,56985.98130841122,1903.4267912772584,184.0,540192.0,2281830.0,5.21,2
4311643,Linha Nova,RS,43.0,431164,LINHA NOVA,1721.0,65579.0,5.325,272.0,373296.2,8.0,38105.171411969786,1580.47646717025,184.0,540192.0,2281830.0,5.21,2
4311700,Machadinho,RS,43.0,431170,MACHADINHO,5867.0,272824.0,5.325,1032.0,1959375.16,45.0,46501.448781319246,1758.9909664223624,184.0,540192.0,2281830.0,5.21,2
4311718,Maçambará,RS,43.0,431171,MACAMBARA,4485.0,582043.0,5.325,848.0,1217636.36,25.0,129775.47380156076,1890.746934225195,184.0,540192.0,2281830.0,5.21,2
4311734,Mampituba,RS,43.0,431173,MAMPITUBA,3203.0,70214.0,5.325,298.0,571404.1,31.0,21921.32375897596,930.3777708398376,184.0,540192.0,2281830.0,5.21,2
4311759,Manoel Viana,RS,43.0,431175,MANOEL VIANA,6915.0,546972.0,5.325,442.0,1089951.1,71.0,79099.34924078091,639.1901663051337,184.0,540192.0,2281830.0,5.21,2
4311775,Maquiné,RS,43.0,431177,MAQUINE,7593.0,190484.0,5.325,914.0,1700297.64,57.0,25086.79046490188,1203.7402871065456,184.0,540192.0,2281830.0,5.21,2
4311791,Maratá,RS,43.0,431179,MARATA,2521.0,80817.0,5.325,430.0,699496.96,22.0,32057.51685838953,1705.672352241174,184.0,540192.0,2281830.0,5.21,2
4311809,Marau,RS,43.0,431180,MARAU,46750.0,3060022.0,5.325,5582.0,10565425.6,299.0,65455.01604278075,1194.0106951871658,184.0,540192.0,2281830.0,5.21,2
4311908,Marcelino Ramos,RS,43.0,431190,MARCELINO RAMOS,4382.0,167825.0,5.325,966.0,1489325.74,50.0,38298.722044728434,2204.472843450479,184.0,540192.0,2281830.0,5.21,2
4311981,Mariana Pimentel,RS,43.0,431198,MARIANA PIMENTEL,4002.0,104496.0,5.325,514.0,960746.64,34.0,26110.944527736134,1284.3578210894552,184.0,540192.0,2281830.0,5.21,2
4312005,Mariano Moro,RS,43.0,431200,MARIANO MORO,1884.0,72888.0,5.325,394.0,843668.5,16.0,38687.89808917198,2091.295116772824,184.0,540192.0,2281830.0,5.21,2
4312054,Marques de Souza,RS,43.0,431205,MARQUES DE SOUZA,4050.0,124135.0,5.325,1172.0,1270075.18,55.0,30650.617283950614,2893.8271604938277,184.0,540192.0,2281830.0,5.21,2
4312104,Mata,RS,43.0,431210,MATA,4782.0,169006.0,5.325,798.0,1051933.62,53.0,35342.11626934337,1668.757841907152,184.0,540192.0,2281830.0,5.21,2
4312138,Mato Castelhano,RS,43.0,431213,MATO CASTELHANO,2611.0,168255.0,5.325,490.0,1247222.68,24.0,64440.8272692455,1876.675603217158,184.0,540192.0,2281830.0,5.21,2
4312153,Mato Leitão,RS,43.0,431215,MATO LEITAO,5001.0,180537.0,5.325,774.0,1264451.8,46.0,36100.1799640072,1547.6904619076186,184.0,540192.0,2281830.0,5.21,2
4312179,Mato Queimado,RS,43.0,431217,MATO QUEIMADO,1833.0,88446.0,5.325,428.0,580285.58,12.0,48252.04582651391,2334.9699945444627,184.0,540192.0,2281830.0,5.21,2
4312203,Maximiliano de Almeida,RS,43.0,431220,MAXIMILIANO DE ALMEIDA,4251.0,161123.0,5.325,1514.0,1524583.84,45.0,37902.37591155023,3561.514937661727,184.0,540192.0,2281830.0,5.21,2
4312252,Minas do Leão,RS,43.0,431225,MINAS DO LEAO,7661.0,279177.0,5.325,1346.0,2191656.78,70.0,36441.32619762433,1756.9507897141366,184.0,540192.0,2281830.0,5.21,2
4312302,Miraguaí,RS,43.0,431230,MIRAGUAI,4501.0,190386.0,5.325,1046.0,1849662.34,43.0,42298.60031104199,2323.928015996445,184.0,540192.0,2281830.0,5.21,2
4312351,Montauri,RS,43.0,431235,MONTAURI,1530.0,98138.0,5.325,238.0,456724.44,21.0,64142.48366013072,1555.5555555555557,184.0,540192.0,2281830.0,5.21,2
4312377,Monte Alegre dos Campos,RS,43.0,431237,MONTE ALEGRE DOS CAMPOS,3251.0,109730.0,5.325,612.0,866585.74,32.0,33752.69147954475,1882.497693017533,184.0,540192.0,2281830.0,5.21,2
4312385,Monte Belo do Sul,RS,43.0,431238,MONTE BELO DO SUL,2608.0,94435.0,5.325,402.0,1054271.2,26.0,36209.73926380368,1541.411042944785,184.0,540192.0,2281830.0,5.21,2
4312401,Montenegro,RS,43.0,431240,MONTENEGRO,66353.0,5752345.0,5.325,7882.0,14028505.24,559.0,86693.0658749416,1187.889017828885,184.0,540192.0,2281830.0,5.21,2
4312427,Mormaço,RS,43.0,431242,MORMACO,2796.0,153334.0,5.325,414.0,765704.66,23.0,54840.486409155936,1480.68669527897,184.0,540192.0,2281830.0,5.21,2
4312443,Morrinhos do Sul,RS,43.0,431244,MORRINHOS DO SUL,3133.0,81466.0,5.325,380.0,931647.78,21.0,26002.553463134376,1212.8949888285988,184.0,540192.0,2281830.0,5.21,2
4312450,Morro Redondo,RS,43.0,431245,MORRO REDONDO,6168.0,132445.0,5.325,646.0,1818098.74,87.0,21472.92477302205,1047.3411154345006,184.0,540192.0,2281830.0,5.21,2
4312476,Morro Reuter,RS,43.0,431247,MORRO REUTER,6167.0,274167.0,5.325,932.0,1927524.98,48.0,44457.11042646344,1511.2696610994,184.0,540192.0,2281830.0,5.21,2
4312500,Mostardas,RS,43.0,431250,MOSTARDAS,12347.0,643326.0,5.325,1720.0,3339454.26,112.0,52103.83089009476,1393.05094354904,184.0,540192.0,2281830.0,5.21,2
4312609,Muçum,RS,43.0,431260,MUCUM,4692.0,301852.0,5.325,778.0,1291894.12,49.0,64333.333333333336,1658.141517476556,184.0,540192.0,2281830.0,5.21,2
4312617,Muitos Capões,RS,43.0,431261,MUITOS CAPOES,2937.0,1122086.0,5.325,404.0,920787.72,32.0,382051.7534899557,1375.5532856656453,184.0,540192.0,2281830.0,5.21,2
4312625,Muliterno,RS,43.0,431262,MULITERNO,1754.0,91988.0,5.325,344.0,672228.26,8.0,52444.69783352337,1961.2314709236032,184.0,540192.0,2281830.0,5.21,2
4312658,Não-Me-Toque,RS,43.0,431265,NAO-ME-TOQUE,18335.0,2207535.0,5.325,2560.0,4697473.56,149.0,120400.05454049632,1396.2367057540223,184.0,540192.0,2281830.0,5.21,2
4312674,Nicolau Vergueiro,RS,43.0,431267,NICOLAU VERGUEIRO,1982.0,146252.0,5.325,410.0,888204.14,25.0,73790.11099899092,2068.6175580222,184.0,540192.0,2281830.0,5.21,2
4312708,Nonoai,RS,43.0,431270,NONOAI,14074.0,525507.0,5.325,3794.0,3969364.96,120.0,37338.85178343044,2695.7510302685805,184.0,540192.0,2281830.0,5.21,2
4312757,Nova Alvorada,RS,43.0,431275,NOVA ALVORADA,3229.0,236575.0,5.325,414.0,1143126.06,20.0,73265.71694022918,1282.13069061629,184.0,540192.0,2281830.0,5.21,2
4312807,Nova Araçá,RS,43.0,431280,NOVA ARACA,5098.0,327226.0,5.325,652.0,1100109.98,35.0,64187.1322087093,1278.932914868576,184.0,540192.0,2281830.0,5.21,2
4312906,Nova Bassano,RS,43.0,431290,NOVA BASSANO,9867.0,802207.0,5.325,1562.0,1998425.28,75.0,81302.01682375596,1583.0546265328874,184.0,540192.0,2281830.0,5.21,2
4312955,Nova Boa Vista,RS,43.0,431295,NOVA BOA VISTA,2089.0,145343.0,5.325,414.0,535176.14,25.0,69575.39492580183,1981.809478219244,184.0,540192.0,2281830.0,5.21,2
4313003,Nova Bréscia,RS,43.0,431300,NOVA BRESCIA,3104.0,141144.0,5.325,814.0,1008415.8,42.0,45471.64948453608,2622.4226804123714,184.0,540192.0,2281830.0,5.21,2
4313011,Nova Candelária,RS,43.0,431301,NOVA CANDELARIA,3138.0,229431.0,5.325,564.0,688999.78,18.0,73113.76673040153,1797.3231357552584,184.0,540192.0,2281830.0,5.21,2
4313037,Nova Esperança do Sul,RS,43.0,431303,NOVA ESPERANCA DO SUL,4976.0,172366.0,5.325,792.0,1527589.18,42.0,34639.46945337621,1591.6398713826366,184.0,540192.0,2281830.0,5.21,2
4313060,Nova Hartz,RS,43.0,431306,NOVA HARTZ,20559.0,805698.0,5.325,3078.0,5441740.34,157.0,39189.55202101269,1497.154530862396,184.0,540192.0,2281830.0,5.21,2
4313086,Nova Pádua,RS,43.0,431308,NOVA PADUA,2389.0,100211.0,5.325,148.0,238924.2,16.0,41946.83968187526,619.5060694851402,184.0,540192.0,2281830.0,5.21,2
4313102,Nova Palma,RS,43.0,431310,NOVA PALMA,5676.0,382689.0,5.325,1302.0,1323045.96,49.0,67422.3044397463,2293.8689217758983,184.0,540192.0,2281830.0,5.21,2
4313201,Nova Petrópolis,RS,43.0,431320,NOVA PETROPOLIS,23934.0,972689.0,5.325,3308.0,4907296.62,215.0,40640.46962480154,1382.1342023899056,184.0,540192.0,2281830.0,5.21,2
4313300,Nova Prata,RS,43.0,431330,NOVA PRATA,26638.0,1730043.0,5.325,3664.0,5798501.04,179.0,64946.42991215557,1375.4786395375029,184.0,540192.0,2281830.0,5.21,2
4313334,Nova Ramada,RS,43.0,431333,NOVA RAMADA,2198.0,304678.0,5.325,432.0,492442.9,28.0,138616.01455868973,1965.4231119199276,184.0,540192.0,2281830.0,5.21,2
4313359,Nova Roma do Sul,RS,43.0,431335,NOVA ROMA DO SUL,3545.0,169305.0,5.325,404.0,935363.74,46.0,47758.81523272215,1139.6332863187588,184.0,540192.0,2281830.0,5.21,2
4313375,Nova Santa Rita,RS,43.0,431337,NOVA SANTA RITA,30190.0,2487522.0,5.325,4126.0,8053007.88,206.0,82395.56144418682,1366.6777078502814,184.0,540192.0,2281830.0,5.21,2
4313391,Novo Cabrais,RS,43.0,431339,NOVO CABRAIS,3633.0,133172.0,5.325,650.0,1237710.44,33.0,36656.20699146711,1789.1549683457197,184.0,540192.0,2281830.0,5.21,2
4313409,Novo Hamburgo,RS,43.0,431340,NOVO HAMBURGO,235801.0,10037923.0,5.325,29698.0,64046160.58,2108.0,42569.46747469265,1259.4518259040462,184.0,540192.0,2281830.0,5.21,2
4313425,Novo Machado,RS,43.0,431342,NOVO MACHADO,3238.0,186355.0,5.325,840.0,1016142.58,50.0,57552.50154416306,2594.1939468807905,184.0,540192.0,2281830.0,5.21,2
4313441,Novo Tiradentes,RS,43.0,431344,NOVO TIRADENTES,2187.0,74729.0,5.325,728.0,1236400.76,22.0,34169.63877457705,3328.760859625057,184.0,540192.0,2281830.0,5.21,2
4313466,Novo Xingu,RS,43.0,431346,NOVO XINGU,1677.0,75034.0,5.325,386.0,641105.8200000001,22.0,44742.99344066786,2301.7292784734645,184.0,540192.0,2281830.0,5.21,2
4313490,Novo Barreiro,RS,43.0,431349,NOVO BARREIRO,4375.0,135200.0,5.325,808.0,1795039.66,36.0,30902.85714285714,1846.857142857143,184.0,540192.0,2281830.0,5.21,2
4313508,Osório,RS,43.0,431350,OSORIO,49000.0,1819038.0,5.325,6400.0,12469491.04,401.0,37123.22448979592,1306.122448979592,184.0,540192.0,2281830.0,5.21,2
4313607,Paim Filho,RS,43.0,431360,PAIM FILHO,3685.0,167646.0,5.325,1070.0,1551154.46,37.0,45494.16553595658,2903.6635006784263,184.0,540192.0,2281830.0,5.21,2
4313656,Palmares do Sul,RS,43.0,431365,PALMARES DO SUL,13190.0,735606.0,5.325,1872.0,3434818.94,138.0,55769.97725549659,1419.257012888552,184.0,540192.0,2281830.0,5.21,2
4313706,Palmeira das Missões,RS,43.0,431370,PALMEIRA DAS MISSOES,34227.0,2215057.0,5.325,5904.0,10783935.22,312.0,64716.65644082157,1724.9539836970812,184.0,540192.0,2281830.0,5.21,2
4313805,Palmitinho,RS,43.0,431380,PALMITINHO,8042.0,271643.0,5.325,2612.0,3093003.8,92.0,33778.04028848545,3247.948271574235,184.0,540192.0,2281830.0,5.21,2
4313904,Panambi,RS,43.0,431390,PANAMBI,45103.0,3167752.0,5.325,6326.0,8750270.24,300.0,70233.73168081946,1402.567456710197,184.0,540192.0,2281830.0,5.21,2
4313953,Pantano Grande,RS,43.0,431395,PANTANO GRANDE,10443.0,533689.0,5.325,1364.0,2418713.42,93.0,51104.95068466916,1306.138082926362,184.0,540192.0,2281830.0,5.21,2
4314001,Paraí,RS,43.0,431400,PARAI,7362.0,424447.0,5.325,996.0,1346970.2,49.0,57653.76256452051,1352.8932355338225,184.0,540192.0,2281830.0,5.21,2
4314027,Paraíso do Sul,RS,43.0,431402,PARAISO DO SUL,6620.0,207386.0,5.325,1378.0,1589916.22,81.0,31327.190332326285,2081.570996978852,184.0,540192.0,2281830.0,5.21,2
4314035,Pareci Novo,RS,43.0,431403,PARECI NOVO,4441.0,136435.0,5.325,632.0,1458771.18,39.0,30721.68430533664,1423.1029047511822,184.0,540192.0,2281830.0,5.21,2
4314050,Parobé,RS,43.0,431405,PAROBE,53569.0,1390320.0,5.325,12698.0,17558257.28,406.0,25953.81657301797,2370.400791502548,184.0,540192.0,2281830.0,5.21,2
4314068,Passa Sete,RS,43.0,431406,PASSA SETE,4024.0,132983.0,5.325,976.0,1361857.68,36.0,33047.46520874751,2425.44731610338,184.0,540192.0,2281830.0,5.21,2
4314076,Passo do Sobrado,RS,43.0,431407,PASSO DO SOBRADO,6155.0,229641.0,5.325,1022.0,2179063.96,68.0,37309.66693744923,1660.438667749797,184.0,540192.0,2281830.0,5.21,2
4314100,Passo Fundo,RS,43.0,431410,PASSO FUNDO,214815.0,12552867.0,5.325,32908.0,72503814.28,1706.0,58435.7097968019,1531.922817307916,184.0,540192.0,2281830.0,5.21,2
4314134,Paulo Bento,RS,43.0,431413,PAULO BENTO,2188.0,195870.0,5.325,394.0,795663.74,19.0,89520.10968921389,1800.73126142596,184.0,540192.0,2281830.0,5.21,2
4314159,Paverama,RS,43.0,431415,PAVERAMA,8146.0,242458.0,5.325,1210.0,1983137.54,79.0,29764.055978394303,1485.3916032408542,184.0,540192.0,2281830.0,5.21,2
4314175,Pedras Altas,RS,43.0,431417,PEDRAS ALTAS,2099.0,386190.0,5.325,178.0,429715.7,24.0,183987.61314911864,848.0228680323963,184.0,540192.0,2281830.0,5.21,2
4314209,Pedro Osório,RS,43.0,431420,PEDRO OSORIO,7631.0,270651.0,5.325,1140.0,1582310.76,96.0,35467.30441619709,1493.9064342812214,184.0,540192.0,2281830.0,5.21,2
4314308,Pejuçara,RS,43.0,431430,PEJUCARA,3817.0,464212.0,5.325,638.0,887375.12,40.0,121616.9766832591,1671.4697406340056,184.0,540192.0,2281830.0,5.21,2
4314407,Pelotas,RS,43.0,431440,PELOTAS,336150.0,10778176.0,5.325,36700.0,86849872.94,3457.0,32063.590658932026,1091.774505429124,184.0,540192.0,2281830.0,5.21,2
4314423,Picada Café,RS,43.0,431442,PICADA CAFE,5473.0,386453.0,5.325,840.0,1328172.76,42.0,70610.81673670748,1534.8072355198246,184.0,540192.0,2281830.0,5.21,2
4314456,Pinhal,RS,43.0,431445,PINHAL,3039.0,123342.0,5.325,1014.0,1227031.44,26.0,40586.37709772951,3336.623889437315,184.0,540192.0,2281830.0,5.21,2
4314464,Pinhal da Serra,RS,43.0,431446,PINHAL DA SERRA,2300.0,304725.0,5.325,338.0,518758.98,22.0,132489.13043478262,1469.5652173913045,184.0,540192.0,2281830.0,5.21,2
4314472,Pinhal Grande,RS,43.0,431447,PINHAL GRANDE,3861.0,931834.0,5.325,688.0,886101.9400000001,38.0,241345.2473452473,1781.921781921782,184.0,540192.0,2281830.0,5.21,2
4314498,Pinheirinho do Vale,RS,43.0,431449,PINHEIRINHO DO VALE,4638.0,131549.0,5.325,1096.0,1247746.18,31.0,28363.30314790858,2363.0875377317807,184.0,540192.0,2281830.0,5.21,2
4314506,Pinheiro Machado,RS,43.0,431450,PINHEIRO MACHADO,11394.0,397726.0,5.325,1332.0,2307594.22,161.0,34906.61751799192,1169.036334913112,184.0,540192.0,2281830.0,5.21,2
4314548,Pinto Bandeira,RS,43.0,431454,PINTO BANDEIRA,2785.0,74286.0,5.325,238.0,405870.58,25.0,26673.60861759425,854.5780969479354,184.0,540192.0,2281830.0,5.21,2
4314555,Pirapó,RS,43.0,431455,PIRAPO,2255.0,94672.0,5.325,370.0,560500.94,40.0,41983.14855875832,1640.79822616408,184.0,540192.0,2281830.0,5.21,2
4314605,Piratini,RS,43.0,431460,PIRATINI,17770.0,880277.0,5.325,3566.0,3625295.82,210.0,49537.25379853686,2006.7529544175577,184.0,540192.0,2281830.0,5.21,2
4314704,Planalto,RS,43.0,431470,PLANALTO,10625.0,252508.0,5.325,2484.0,3343926.96,109.0,23765.45882352941,2337.8823529411766,184.0,540192.0,2281830.0,5.21,2
4314753,Poço das Antas,RS,43.0,431475,POCO DAS ANTAS,2224.0,131757.0,5.325,404.0,726454.96,23.0,59243.25539568345,1816.546762589928,184.0,540192.0,2281830.0,5.21,2
4314779,Pontão,RS,43.0,431477,PONTAO,3345.0,403317.0,5.325,752.0,1772291.26,39.0,120573.0941704036,2248.13153961136,184.0,540192.0,2281830.0,5.21,2
4314787,Ponte Preta,RS,43.0,431478,PONTE PRETA,1602.0,96049.0,5.325,302.0,592073.72,15.0,59955.68039950063,1885.1435705368287,184.0,540192.0,2281830.0,5.21,2
4314803,Portão,RS,43.0,431480,PORTAO,35274.0,1662403.0,5.325,5598.0,10002638.66,316.0,47128.28145376198,1587.0045926177922,184.0,540192.0,2281830.0,5.21,2
4314902,Porto Alegre,RS,43.0,431490,PORTO ALEGRE,1388791.0,81563063.0,5.325,214136.0,431363688.02,12906.0,58729.544618304695,1541.8878722572365,184.0,540192.0,2281830.0,5.21,2
4315008,Porto Lucena,RS,43.0,431500,PORTO LUCENA,4413.0,135662.0,5.325,1202.0,1190011.52,70.0,30741.445728529347,2723.770677543621,184.0,540192.0,2281830.0,5.21,2
4315057,Porto Mauá,RS,43.0,431505,PORTO MAUA,2173.0,89350.0,5.325,406.0,632798.74,24.0,41118.26967326277,1868.384721583065,184.0,540192.0,2281830.0,5.21,2
4315073,Porto Vera Cruz,RS,43.0,431507,PORTO VERA CRUZ,1582.0,45212.0,5.325,458.0,694137.62,22.0,28579.013906447533,2895.069532237674,184.0,540192.0,2281830.0,5.21,2
4315107,Porto Xavier,RS,43.0,431510,PORTO XAVIER,10127.0,210927.0,5.325,1846.0,2474853.08,92.0,20828.18208748889,1822.849807445443,184.0,540192.0,2281830.0,5.21,2
4315131,Pouso Novo,RS,43.0,431513,POUSO NOVO,1771.0,61420.0,5.325,502.0,572983.14,20.0,34680.97120271033,2834.556747600226,184.0,540192.0,2281830.0,5.21,2
4315149,Presidente Lucena,RS,43.0,431514,PRESIDENTE LUCENA,3166.0,213813.0,5.325,610.0,953045.22,23.0,67534.11244472521,1926.7214150347445,184.0,540192.0,2281830.0,5.21,2
4315156,Progresso,RS,43.0,431515,PROGRESSO,5423.0,166517.0,5.325,1792.0,1793237.18,55.0,30705.697953162457,3304.444034667158,184.0,540192.0,2281830.0,5.21,2
4315172,Protásio Alves,RS,43.0,431517,PROTASIO ALVES,2070.0,93263.0,5.325,412.0,620402.02,16.0,45054.58937198068,1990.338164251208,184.0,540192.0,2281830.0,5.21,2
4315206,Putinga,RS,43.0,431520,PUTINGA,3809.0,133443.0,5.325,728.0,889644.94,41.0,35033.604620635335,1911.2627986348125,184.0,540192.0,2281830.0,5.21,2
4315305,Quaraí,RS,43.0,431530,QUARAI,23995.0,625752.0,5.325,3490.0,4436330.22,218.0,26078.433006876432,1454.46968118358,184.0,540192.0,2281830.0,5.21,2
4315313,Quatro Irmãos,RS,43.0,431531,QUATRO IRMAOS,1577.0,185963.0,5.325,302.0,502062.48,15.0,117922.00380469246,1915.028535193405,184.0,540192.0,2281830.0,5.21,2
4315321,Quevedos,RS,43.0,431532,QUEVEDOS,2553.0,299304.0,5.325,292.0,582957.36,11.0,117236.1927144536,1143.7524481002745,184.0,540192.0,2281830.0,5.21,2
4315354,Quinze de Novembro,RS,43.0,431535,QUINZE DE NOVEMBRO,4003.0,255121.0,5.325,756.0,905572.42,31.0,63732.450662003495,1888.5835623282535,184.0,540192.0,2281830.0,5.21,2
4315404,Redentora,RS,43.0,431540,REDENTORA,9931.0,232904.0,5.325,2264.0,2946470.74,81.0,23452.22032020945,2279.730137951868,184.0,540192.0,2281830.0,5.21,2
4315453,Relvado,RS,43.0,431545,RELVADO,1825.0,82687.0,5.325,332.0,516723.52,26.0,45307.94520547945,1819.1780821917807,184.0,540192.0,2281830.0,5.21,2
4315503,Restinga Sêca,RS,43.0,431550,RESTINGA SECA,15205.0,673423.0,5.325,2862.0,3649028.88,145.0,44289.575797435056,1882.275567247616,184.0,540192.0,2281830.0,5.21,2
4315552,Rio dos Índios,RS,43.0,431555,RIO DOS INDIOS,2866.0,136486.0,5.325,780.0,882989.92,27.0,47622.47034193999,2721.563154221912,184.0,540192.0,2281830.0,5.21,2
4315602,Rio Grande,RS,43.0,431560,RIO GRANDE,198935.0,13282201.0,5.325,24472.0,44651054.26,2118.0,66766.53680850529,1230.150551687737,184.0,540192.0,2281830.0,5.21,2
4315701,Rio Pardo,RS,43.0,431570,RIO PARDO,35641.0,1390525.0,5.325,5638.0,9114189.04,396.0,39014.758283998766,1581.8860301338348,184.0,540192.0,2281830.0,5.21,2
4315750,Riozinho,RS,43.0,431575,RIOZINHO,4574.0,155849.0,5.325,950.0,1543179.62,56.0,34072.80279842589,2076.9567118495847,184.0,540192.0,2281830.0,5.21,2
4315800,Roca Sales,RS,43.0,431580,ROCA SALES,10646.0,576083.0,5.325,1530.0,2264569.56,125.0,54112.62445989104,1437.1594965245165,184.0,540192.0,2281830.0,5.21,2
4315909,Rodeio Bonito,RS,43.0,431590,RODEIO BONITO,6831.0,279280.0,5.325,1934.0,2681143.14,60.0,40884.20436246523,2831.2106572976136,184.0,540192.0,2281830.0,5.21,2
4315958,Rolador,RS,43.0,431595,ROLADOR,2330.0,161914.0,5.325,420.0,705373.66,34.0,69490.98712446351,1802.5751072961373,184.0,540192.0,2281830.0,5.21,2
4316006,Rolante,RS,43.0,431600,ROLANTE,21753.0,731611.0,5.325,4296.0,6495121.58,229.0,33632.648370339724,1974.9000137912008,184.0,540192.0,2281830.0,5.21,2
4316105,Ronda Alta,RS,43.0,431610,RONDA ALTA,9969.0,471554.0,5.325,2508.0,3266373.08,85.0,47302.03631256896,2515.7989768281677,184.0,540192.0,2281830.0,5.21,2
4316204,Rondinha,RS,43.0,431620,RONDINHA,5078.0,268874.0,5.325,1000.0,1607911.88,65.0,52948.79873966128,1969.2792437967703,184.0,540192.0,2281830.0,5.21,2
4316303,Roque Gonzales,RS,43.0,431630,ROQUE GONZALES,6692.0,437026.0,5.325,1434.0,1546037.76,69.0,65305.738194859536,2142.8571428571427,184.0,540192.0,2281830.0,5.21,2
4316402,Rosário do Sul,RS,43.0,431640,ROSARIO DO SUL,37673.0,1381976.0,5.325,7062.0,10316290.42,380.0,36683.46030313488,1874.5520664667004,184.0,540192.0,2281830.0,5.21,2
4316428,Sagrada Família,RS,43.0,431642,SAGRADA FAMILIA,2528.0,82616.0,5.325,454.0,912191.48,28.0,32680.37974683544,1795.8860759493673,184.0,540192.0,2281830.0,5.21,2
4316436,Saldanha Marinho,RS,43.0,431643,SALDANHA MARINHO,2619.0,254248.0,5.325,298.0,574082.08,23.0,97078.2741504391,1137.8388697976327,184.0,540192.0,2281830.0,5.21,2
4316451,Salto do Jacuí,RS,43.0,431645,SALTO DO JACUI,10357.0,1213458.0,5.325,2076.0,3016204.08,109.0,117163.07811142223,2004.441440571594,184.0,540192.0,2281830.0,5.21,2
4316477,Salvador das Missões,RS,43.0,431647,SALVADOR DAS MISSOES,2955.0,178470.0,5.325,486.0,984788.66,31.0,60395.93908629441,1644.6700507614212,184.0,540192.0,2281830.0,5.21,2
4316501,Salvador do Sul,RS,43.0,431650,SALVADOR DO SUL,7184.0,337663.0,5.325,832.0,1615714.86,71.0,47002.08797327394,1158.1291759465478,184.0,540192.0,2281830.0,5.21,2
4316600,Sananduva,RS,43.0,431660,SANANDUVA,16770.0,843826.0,5.325,3254.0,4728503.54,124.0,50317.59093619559,1940.3697078115683,184.0,540192.0,2281830.0,5.21,2
4316709,Santa Bárbara do Sul,RS,43.0,431670,SANTA BARBARA DO SUL,8268.0,1336030.0,5.325,1522.0,2334354.98,106.0,161590.46927914853,1840.832123850992,184.0,540192.0,2281830.0,5.21,2
4316733,Santa Cecília do Sul,RS,43.0,431673,SANTA CECILIA DO SUL,1710.0,143880.0,5.325,280.0,550117.82,15.0,84140.35087719298,1637.4269005847952,184.0,540192.0,2281830.0,5.21,2
4316758,Santa Clara do Sul,RS,43.0,431675,SANTA CLARA DO SUL,7080.0,339107.0,5.325,1032.0,1861561.14,61.0,47896.46892655367,1457.627118644068,184.0,540192.0,2281830.0,5.21,2
4316808,Santa Cruz do Sul,RS,43.0,431680,SANTA CRUZ DO SUL,138273.0,9815201.0,5.325,17194.0,30202106.58,1303.0,70984.21962349844,1243.4820970109856,184.0,540192.0,2281830.0,5.21,2
4316907,Santa Maria,RS,43.0,431690,SANTA MARIA,282397.0,9562066.0,5.325,33082.0,56522460.78,2515.0,33860.36678859903,1171.4713683219015,184.0,540192.0,2281830.0,5.21,2
4316956,Santa Maria do Herval,RS,43.0,431695,SANTA MARIA DO HERVAL,6486.0,279409.0,5.325,708.0,1173609.8,42.0,43078.78507554733,1091.581868640148,184.0,540192.0,2281830.0,5.21,2
4316972,Santa Margarida do Sul,RS,43.0,431697,SANTA MARGARIDA DO SUL,2661.0,361016.0,5.325,306.0,831868.52,17.0,135669.29725667043,1149.9436302142053,184.0,540192.0,2281830.0,5.21,2
4317004,Santana da Boa Vista,RS,43.0,431700,SANTANA DA BOA VISTA,7128.0,364901.0,5.325,634.0,1630651.26,91.0,51192.620650953984,889.4500561167227,184.0,540192.0,2281830.0,5.21,2
4317103,Sant'Ana do Livramento,RS,43.0,431710,SANT'ANA DO LIVRAMENTO,87330.0,2823928.0,5.325,11798.0,17631028.12,830.0,32336.287644566582,1350.9675941829842,184.0,540192.0,2281830.0,5.21,2
4317202,Santa Rosa,RS,43.0,431720,SANTA ROSA,79489.0,3732053.0,5.325,12666.0,23258162.58,692.0,46950.55919687001,1593.42802148725,184.0,540192.0,2281830.0,5.21,2
4317251,Santa Tereza,RS,43.0,431725,SANTA TEREZA,1529.0,49851.0,5.325,312.0,364016.72,25.0,32603.662524525836,2040.549378678875,184.0,540192.0,2281830.0,5.21,2
4317301,Santa Vitória do Palmar,RS,43.0,431730,SANTA VITORIA DO PALMAR,31965.0,1755631.0,5.325,4196.0,5523783.4,364.0,54923.541373377135,1312.6857500391054,184.0,540192.0,2281830.0,5.21,2
4317400,Santiago,RS,43.0,431740,SANTIAGO,50336.0,2021451.0,5.325,7214.0,12883563.66,569.0,40159.15050858233,1433.169103623649,184.0,540192.0,2281830.0,5.21,2
4317509,Santo Ângelo,RS,43.0,431750,SANTO ANGELO,79146.0,3180273.0,5.325,9828.0,17122249.6,783.0,40182.35918429232,1241.7557425517398,184.0,540192.0,2281830.0,5.21,2
4317558,Santo Antônio do Palma,RS,43.0,431755,SANTO ANTONIO DO PALMA,2134.0,119797.0,5.325,418.0,628204.0,16.0,56137.30084348641,1958.7628865979384,184.0,540192.0,2281830.0,5.21,2
4317608,Santo Antônio da Patrulha,RS,43.0,431760,SANTO ANTONIO DA PATRULHA,44431.0,1680505.0,5.325,7016.0,11908446.3,372.0,37822.8038981792,1579.0776709954762,184.0,540192.0,2281830.0,5.21,2
4317707,Santo Antônio das Missões,RS,43.0,431770,SANTO ANTONIO DAS MISSOES,10485.0,673946.0,5.325,1352.0,1942755.22,120.0,64277.15784453982,1289.4611349546972,184.0,540192.0,2281830.0,5.21,2
4317756,Santo Antônio do Planalto,RS,43.0,431775,SANTO ANTONIO DO PLANALTO,2138.0,189470.0,5.325,314.0,597387.28,18.0,88620.2057998129,1468.66230121609,184.0,540192.0,2281830.0,5.21,2
4317806,Santo Augusto,RS,43.0,431780,SANTO AUGUSTO,14196.0,848439.0,5.325,3248.0,3176626.54,156.0,59766.06086221471,2287.968441814596,184.0,540192.0,2281830.0,5.21,2
4317905,Santo Cristo,RS,43.0,431790,SANTO CRISTO,15667.0,784071.0,5.325,3100.0,3995799.96,148.0,50046.02029744048,1978.6813046530924,184.0,540192.0,2281830.0,5.21,2
4317954,Santo Expedito do Sul,RS,43.0,431795,SANTO EXPEDITO DO SUL,2395.0,128953.0,5.325,428.0,668620.54,29.0,53842.58872651357,1787.0563674321502,184.0,540192.0,2281830.0,5.21,2
4318002,São Borja,RS,43.0,431800,SAO BORJA,61311.0,2570766.0,5.325,9752.0,16120907.18,582.0,41929.93100748642,1590.579178287746,184.0,540192.0,2281830.0,5.21,2
4318051,São Domingos do Sul,RS,43.0,431805,SAO DOMINGOS DO SUL,2806.0,123436.0,5.325,562.0,1196207.9,28.0,43990.02138275125,2002.851033499644,184.0,540192.0,2281830.0,5.21,2
4318101,São Francisco de Assis,RS,43.0,431810,SAO FRANCISCO DE ASSIS,17934.0,804124.0,5.325,3374.0,4339534.24,176.0,44837.96141407383,1881.342701014832,184.0,540192.0,2281830.0,5.21,2
4318200,São Francisco de Paula,RS,43.0,431820,SAO FRANCISCO DE PAULA,22388.0,1026518.0,5.325,3788.0,4490446.62,176.0,45851.25960335894,1691.977845274254,184.0,540192.0,2281830.0,5.21,2
4318309,São Gabriel,RS,43.0,431830,SAO GABRIEL,60090.0,2723193.0,5.325,11258.0,20432851.56,658.0,45318.57214178732,1873.5230487601928,184.0,540192.0,2281830.0,5.21,2
4318408,São Jerônimo,RS,43.0,431840,SAO JERONIMO,21412.0,667014.0,5.325,4754.0,6474683.3,214.0,31151.410424061272,2220.2503269194845,184.0,540192.0,2281830.0,5.21,2
4318424,São João da Urtiga,RS,43.0,431842,SAO JOAO DA URTIGA,4546.0,184149.0,5.325,948.0,1717966.12,55.0,40507.91904971404,2085.3497580290364,184.0,540192.0,2281830.0,5.21,2
4318432,São João do Polêsine,RS,43.0,431843,SAO JOAO DO POLESINE,2708.0,104818.0,5.325,506.0,847410.08,46.0,38706.79468242245,1868.5376661742985,184.0,540192.0,2281830.0,5.21,2
4318440,São Jorge,RS,43.0,431844,SAO JORGE,2976.0,133331.0,5.325,386.0,545164.2,21.0,44802.083333333336,1297.043010752688,184.0,540192.0,2281830.0,5.21,2
4318457,São José das Missões,RS,43.0,431845,SAO JOSE DAS MISSOES,2399.0,93351.0,5.325,436.0,723539.38,23.0,38912.46352646936,1817.4239266360985,184.0,540192.0,2281830.0,5.21,2
4318465,São José do Herval,RS,43.0,431846,SAO JOSE DO HERVAL,1931.0,59113.0,5.325,312.0,425955.14,23.0,30612.6359399275,1615.7431382703264,184.0,540192.0,2281830.0,5.21,2
4318481,São José do Hortêncio,RS,43.0,431848,SAO JOSE DO HORTENCIO,4555.0,117866.0,5.325,806.0,1426906.84,39.0,25876.180021953896,1769.484083424808,184.0,540192.0,2281830.0,5.21,2
4318499,São José do Inhacorá,RS,43.0,431849,SAO JOSE DO INHACORA,2466.0,183794.0,5.325,352.0,852603.26,19.0,74531.22465531225,1427.4128142741283,184.0,540192.0,2281830.0,5.21,2
4318507,São José do Norte,RS,43.0,431850,SAO JOSE DO NORTE,26248.0,792704.0,5.325,3776.0,5719791.78,242.0,30200.548613227675,1438.5857970131058,184.0,540192.0,2281830.0,5.21,2
4318606,São José do Ouro,RS,43.0,431860,SAO JOSE DO OURO,6978.0,463018.0,5.325,1520.0,2376204.36,64.0,66353.96961880194,2178.274577242763,184.0,540192.0,2281830.0,5.21,2
4318614,São José do Sul,RS,43.0,431861,SAO JOSE DO SUL,2443.0,94019.0,5.325,324.0,476322.56,22.0,38485.0593532542,1326.238231682358,184.0,540192.0,2281830.0,5.21,2
4318622,São José dos Ausentes,RS,43.0,431862,SAO JOSE DOS AUSENTES,4295.0,155632.0,5.325,574.0,733569.82,22.0,36235.62281722933,1336.4377182770666,184.0,540192.0,2281830.0,5.21,2
4318705,São Leopoldo,RS,43.0,431870,SAO LEOPOLDO,225738.0,10855414.0,5.325,25998.0,49111385.74,1932.0,48088.553987365885,1151.6891263322968,184.0,540192.0,2281830.0,5.21,2
4318804,São Lourenço do Sul,RS,43.0,431880,SAO LOURENCO DO SUL,43278.0,1701071.0,5.325,6770.0,8864444.24,474.0,39305.67493876797,1564.3051897037756,184.0,540192.0,2281830.0,5.21,2
4318903,São Luiz Gonzaga,RS,43.0,431890,SAO LUIZ GONZAGA,35865.0,1903783.0,5.325,6866.0,7838706.1,378.0,53081.91830475394,1914.401226822808,184.0,540192.0,2281830.0,5.21,2
4319000,São Marcos,RS,43.0,431900,SAO MARCOS,21549.0,1145393.0,5.325,2708.0,3205492.62,167.0,53152.9537333519,1256.6708431945797,184.0,540192.0,2281830.0,5.21,2
4319109,São Martinho,RS,43.0,431910,SAO MARTINHO,5587.0,354030.0,5.325,1248.0,1917393.72,47.0,63366.74422767138,2233.7569357436905,184.0,540192.0,2281830.0,5.21,2
4319125,São Martinho da Serra,RS,43.0,431912,SAO MARTINHO DA SERRA,2908.0,336100.0,5.325,528.0,1013807.02,35.0,115577.7166437414,1815.680880330124,184.0,540192.0,2281830.0,5.21,2
4319158,São Miguel das Missões,RS,43.0,431915,SAO MIGUEL DAS MISSOES,7193.0,867930.0,5.325,1370.0,1709902.02,61.0,120663.14472403728,1904.629500903656,184.0,540192.0,2281830.0,5.21,2
4319208,São Nicolau,RS,43.0,431920,SAO NICOLAU,5243.0,228047.0,5.325,836.0,1315006.58,61.0,43495.51783330154,1594.50696166317,184.0,540192.0,2281830.0,5.21,2
4319307,São Paulo das Missões,RS,43.0,431930,SAO PAULO DAS MISSOES,5943.0,200549.0,5.325,1462.0,1649136.26,47.0,33745.414773683326,2460.037018340905,184.0,540192.0,2281830.0,5.21,2
4319356,São Pedro da Serra,RS,43.0,431935,SAO PEDRO DA SERRA,3618.0,113228.0,5.325,550.0,717642.42,24.0,31295.74350469873,1520.1768933112216,184.0,540192.0,2281830.0,5.21,2
4319364,São Pedro das Missões,RS,43.0,431936,SAO PEDRO DAS MISSOES,1790.0,114178.0,5.325,378.0,916554.92,18.0,63786.59217877095,2111.731843575419,184.0,540192.0,2281830.0,5.21,2
4319372,São Pedro do Butiá,RS,43.0,431937,SAO PEDRO DO BUTIA,3142.0,161665.0,5.325,518.0,808913.92,19.0,51452.896244430296,1648.631444939529,184.0,540192.0,2281830.0,5.21,2
4319406,São Pedro do Sul,RS,43.0,431940,SAO PEDRO DO SUL,15863.0,532258.0,5.325,2988.0,3931915.64,185.0,33553.42621193973,1883.628569627435,184.0,540192.0,2281830.0,5.21,2
4319505,São Sebastião do Caí,RS,43.0,431950,SAO SEBASTIAO DO CAI,24898.0,899461.0,5.325,3518.0,5723599.38,250.0,36125.83340027311,1412.9648967788578,184.0,540192.0,2281830.0,5.21,2
4319604,São Sepé,RS,43.0,431960,SAO SEPE,21551.0,1331321.0,5.325,4296.0,6540864.54,277.0,61775.37005243376,1993.4109786088811,184.0,540192.0,2281830.0,5.21,2
4319703,São Valentim,RS,43.0,431970,SAO VALENTIM,3320.0,135541.0,5.325,500.0,838220.46,47.0,40825.60240963855,1506.0240963855424,184.0,540192.0,2281830.0,5.21,2
4319711,São Valentim do Sul,RS,43.0,431971,SAO VALENTIM DO SUL,2255.0,95576.0,5.325,662.0,806322.0,22.0,42384.0354767184,2935.69844789357,184.0,540192.0,2281830.0,5.21,2
4319737,São Valério do Sul,RS,43.0,431973,SAO VALERIO DO SUL,2593.0,90430.0,5.325,674.0,519772.74,25.0,34874.66255302738,2599.3058233706133,184.0,540192.0,2281830.0,5.21,2
4319752,São Vendelino,RS,43.0,431975,SAO VENDELINO,2309.0,95748.0,5.325,366.0,658165.16,19.0,41467.30186227805,1585.101775660459,184.0,540192.0,2281830.0,5.21,2
4319802,São Vicente do Sul,RS,43.0,431980,SAO VICENTE DO SUL,8257.0,730555.0,5.325,1222.0,1715687.78,73.0,88477.04977594769,1479.9564006297685,184.0,540192.0,2281830.0,5.21,2
4319901,Sapiranga,RS,43.0,431990,SAPIRANGA,77935.0,3615599.0,5.325,12392.0,22355574.74,640.0,46392.49374478732,1590.0429845383974,184.0,540192.0,2281830.0,5.21,2
4320008,Sapucaia do Sul,RS,43.0,432000,SAPUCAIA DO SUL,136573.0,4204086.0,5.325,20844.0,37331617.64,1140.0,30782.702291082423,1526.2167485520563,184.0,540192.0,2281830.0,5.21,2
4320107,Sarandi,RS,43.0,432010,SARANDI,23374.0,1299139.0,5.325,4082.0,5975819.12,190.0,55580.51681355352,1746.384872080089,184.0,540192.0,2281830.0,5.21,2
4320206,Seberi,RS,43.0,432020,SEBERI,12325.0,617245.0,5.325,3526.0,4015817.3,131.0,50080.73022312373,2860.851926977688,184.0,540192.0,2281830.0,5.21,2
4320230,Sede Nova,RS,43.0,432023,SEDE NOVA,2750.0,157535.0,5.325,464.0,741939.44,40.0,57285.454545454544,1687.2727272727273,184.0,540192.0,2281830.0,5.21,2
4320263,Segredo,RS,43.0,432026,SEGREDO,6098.0,163088.0,5.325,1222.0,1511317.42,60.0,26744.50639553952,2003.9357166284028,184.0,540192.0,2281830.0,5.21,2
4320305,Selbach,RS,43.0,432030,SELBACH,5223.0,375174.0,5.325,832.0,1303223.24,61.0,71831.13153360138,1592.9542408577447,184.0,540192.0,2281830.0,5.21,2
4320321,Senador Salgado Filho,RS,43.0,432032,SENADOR SALGADO FILHO,2725.0,149060.0,5.325,526.0,732209.18,27.0,54700.91743119266,1930.2752293577985,184.0,540192.0,2281830.0,5.21,2
4320354,Sentinela do Sul,RS,43.0,432035,SENTINELA DO SUL,5424.0,136267.0,5.325,800.0,1489525.42,70.0,25122.97197640118,1474.9262536873157,184.0,540192.0,2281830.0,5.21,2
4320404,Serafina Corrêa,RS,43.0,432040,SERAFINA CORREA,17407.0,782303.0,5.325,2402.0,4540867.02,123.0,44941.86246912162,1379.9046360659506,184.0,540192.0,2281830.0,5.21,2
4320453,Sério,RS,43.0,432045,SERIO,2089.0,59572.0,5.325,238.0,503334.16,28.0,28516.99377692676,1139.3011010052658,184.0,540192.0,2281830.0,5.21,2
4320503,Sertão,RS,43.0,432050,SERTAO,5630.0,534503.0,5.325,2328.0,2743617.22,58.0,94938.36589698048,4134.991119005328,184.0,540192.0,2281830.0,5.21,2
4320552,Sertão Santana,RS,43.0,432055,SERTAO SANTANA,5989.0,314768.0,5.325,880.0,2118388.66,82.0,52557.68909667724,1469.3604942394388,184.0,540192.0,2281830.0,5.21,2
4320578,Sete de Setembro,RS,43.0,432057,SETE DE SETEMBRO,1881.0,105652.0,5.325,362.0,657945.76,21.0,56167.99574694312,1924.508240297714,184.0,540192.0,2281830.0,5.21,2
4320602,Severiano de Almeida,RS,43.0,432060,SEVERIANO DE ALMEIDA,3463.0,149414.0,5.325,976.0,1246664.68,40.0,43145.827317354895,2818.365578977765,184.0,540192.0,2281830.0,5.21,2
4320651,Silveira Martins,RS,43.0,432065,SILVEIRA MARTINS,2056.0,86631.0,5.325,384.0,589382.46,36.0,42135.700389105055,1867.704280155642,184.0,540192.0,2281830.0,5.21,2
4320677,Sinimbu,RS,43.0,432067,SINIMBU,8684.0,213482.0,5.325,1866.0,2148972.78,99.0,24583.37171810226,2148.779364348227,184.0,540192.0,2281830.0,5.21,2
4320701,Sobradinho,RS,43.0,432070,SOBRADINHO,14512.0,438644.0,5.325,2150.0,3577524.3,143.0,30226.295479603086,1481.5325248070562,184.0,540192.0,2281830.0,5.21,2
4320800,Soledade,RS,43.0,432080,SOLEDADE,30958.0,1405196.0,5.325,4652.0,6948605.34,312.0,45390.39989663415,1502.681051747529,184.0,540192.0,2281830.0,5.21,2
4320859,Tabaí,RS,43.0,432085,TABAI,4569.0,142087.0,5.325,658.0,1143357.34,42.0,31098.052090172903,1440.1400744145326,184.0,540192.0,2281830.0,5.21,2
4320909,Tapejara,RS,43.0,432090,TAPEJARA,25257.0,1644548.0,5.325,3782.0,6389941.26,139.0,65112.5628538623,1497.4066595399297,184.0,540192.0,2281830.0,5.21,2
4321006,Tapera,RS,43.0,432100,TAPERA,10824.0,640275.0,5.325,2458.0,3900316.72,106.0,59153.27050997783,2270.879526977088,184.0,540192.0,2281830.0,5.21,2
4321105,Tapes,RS,43.0,432110,TAPES,14919.0,603914.0,5.325,2012.0,4685590.78,138.0,40479.5227562169,1348.6158589717809,184.0,540192.0,2281830.0,5.21,2
4321204,Taquara,RS,43.0,432120,TAQUARA,54353.0,1568880.0,5.325,8404.0,16660748.98,538.0,28864.644085883025,1546.188802825971,184.0,540192.0,2281830.0,5.21,2
4321303,Taquari,RS,43.0,432130,TAQUARI,25963.0,1094083.0,5.325,3960.0,6313420.38,275.0,42140.08396564342,1525.247467549975,184.0,540192.0,2281830.0,5.21,2
4321329,Taquaruçu do Sul,RS,43.0,432132,TAQUARUCU DO SUL,3192.0,188858.0,5.325,702.0,1099009.78,26.0,59166.04010025063,2199.248120300752,184.0,540192.0,2281830.0,5.21,2
4321352,Tavares,RS,43.0,432135,TAVARES,5319.0,124254.0,5.325,712.0,1588592.24,61.0,23360.40609137056,1338.5974807294604,184.0,540192.0,2281830.0,5.21,2
4321402,Tenente Portela,RS,43.0,432140,TENENTE PORTELA,14820.0,579215.0,5.325,3312.0,5668166.6,139.0,39083.333333333336,2234.817813765182,184.0,540192.0,2281830.0,5.21,2
4321436,Terra de Areia,RS,43.0,432143,TERRA DE AREIA,10575.0,291340.0,5.325,1396.0,3077426.06,90.0,27549.881796690308,1320.0945626477542,184.0,540192.0,2281830.0,5.21,2
4321451,Teutônia,RS,43.0,432145,TEUTONIA,34024.0,1576011.0,5.325,4866.0,7693145.2,279.0,46320.56783446979,1430.1669409828355,184.0,540192.0,2281830.0,5.21,2
4321469,Tio Hugo,RS,43.0,432146,TIO HUGO,3363.0,174784.0,5.325,566.0,1357566.06,28.0,51972.64347308951,1683.0211121022894,184.0,540192.0,2281830.0,5.21,2
4321477,Tiradentes do Sul,RS,43.0,432147,TIRADENTES DO SUL,5188.0,196243.0,5.325,906.0,1347227.18,63.0,37826.3299922899,1746.3377023901312,184.0,540192.0,2281830.0,5.21,2
4321493,Toropi,RS,43.0,432149,TOROPI,2594.0,101334.0,5.325,644.0,953168.0,35.0,39064.76484194295,2482.652274479568,184.0,540192.0,2281830.0,5.21,2
4321501,Torres,RS,43.0,432150,TORRES,43346.0,1382107.0,5.325,6758.0,13256694.44,408.0,31885.456558852027,1559.0827296636369,184.0,540192.0,2281830.0,5.21,2
4321600,Tramandaí,RS,43.0,432160,TRAMANDAI,56432.0,1234556.0,5.325,8232.0,16865069.86,532.0,21876.87836688404,1458.7468103203855,184.0,540192.0,2281830.0,5.21,2
4321626,Travesseiro,RS,43.0,432162,TRAVESSEIRO,2192.0,78088.0,5.325,454.0,606946.92,19.0,35624.087591240874,2071.167883211679,184.0,540192.0,2281830.0,5.21,2
4321634,Três Arroios,RS,43.0,432163,TRES ARROIOS,2636.0,141197.0,5.325,300.0,724850.34,27.0,53564.87101669196,1138.0880121396056,184.0,540192.0,2281830.0,5.21,2
4321667,Três Cachoeiras,RS,43.0,432166,TRES CACHOEIRAS,11224.0,308570.0,5.325,1518.0,2760556.64,81.0,27491.98146828225,1352.4590163934429,184.0,540192.0,2281830.0,5.21,2
4321709,Três Coroas,RS,43.0,432170,TRES COROAS,24428.0,805149.0,5.325,4580.0,6965497.92,208.0,32960.0867856558,1874.8976584247584,184.0,540192.0,2281830.0,5.21,2
4321808,Três de Maio,RS,43.0,432180,TRES DE MAIO,25466.0,1353676.0,5.325,3584.0,6807830.08,266.0,53156.208277703605,1407.3666849917538,184.0,540192.0,2281830.0,5.21,2
4321832,Três Forquilhas,RS,43.0,432183,TRES FORQUILHAS,2813.0,64219.0,5.325,546.0,1352635.34,24.0,22829.36366868112,1940.9882687522215,184.0,540192.0,2281830.0,5.21,2
4321857,Três Palmeiras,RS,43.0,432185,TRES PALMEIRAS,4829.0,178530.0,5.325,1168.0,1755472.3,43.0,36970.38724373576,2418.720231932077,184.0,540192.0,2281830.0,5.21,2
4321907,Três Passos,RS,43.0,432190,TRES PASSOS,26304.0,1033034.0,5.325,5212.0,8001153.84,282.0,39272.88625304136,1981.447688564477,184.0,540192.0,2281830.0,5.21,2
4321956,Trindade do Sul,RS,43.0,432195,TRINDADE DO SUL,7785.0,351371.0,5.325,1864.0,2364156.1,56.0,45134.36095054592,2394.3481053307646,184.0,540192.0,2281830.0,5.21,2
4322004,Triunfo,RS,43.0,432200,TRIUNFO,28435.0,12982404.0,5.325,3754.0,6448930.52,250.0,456564.2342183928,1320.203973975734,184.0,540192.0,2281830.0,5.21,2
4322103,Tucunduva,RS,43.0,432210,TUCUNDUVA,5646.0,259332.0,5.325,1586.0,1942119.24,65.0,45931.98724760893,2809.0683669854766,184.0,540192.0,2281830.0,5.21,2
4322152,Tunas,RS,43.0,432215,TUNAS,3732.0,120845.0,5.325,536.0,1020318.34,34.0,32380.76098606645,1436.2272240085745,184.0,540192.0,2281830.0,5.21,2
4322186,Tupanci do Sul,RS,43.0,432218,TUPANCI DO SUL,1396.0,94728.0,5.325,248.0,340601.48000000004,7.0,67856.7335243553,1776.504297994269,184.0,540192.0,2281830.0,5.21,2
4322202,Tupanciretã,RS,43.0,432220,TUPANCIRETA,20324.0,2052015.0,5.325,3174.0,3578631.64,169.0,100965.11513481598,1561.700452666798,184.0,540192.0,2281830.0,5.21,2
4322251,Tupandi,RS,43.0,432225,TUPANDI,5172.0,533593.0,5.325,660.0,1536195.02,35.0,103169.56689868524,1276.1020881670534,184.0,540192.0,2281830.0,5.21,2
4322301,Tuparendi,RS,43.0,432230,TUPARENDI,8535.0,383535.0,5.325,1450.0,2181656.46,94.0,44936.731107205625,1698.8869361452842,184.0,540192.0,2281830.0,5.21,2
4322327,Turuçu,RS,43.0,432232,TURUCU,3488.0,163727.0,5.325,538.0,891728.76,49.0,46940.08027522936,1542.4311926605506,184.0,540192.0,2281830.0,5.21,2
4322343,Ubiretama,RS,43.0,432234,UBIRETAMA,2025.0,110732.0,5.325,452.0,638886.1,22.0,54682.46913580247,2232.098765432099,184.0,540192.0,2281830.0,5.21,2
4322350,União da Serra,RS,43.0,432235,UNIAO DA SERRA,1183.0,91174.0,5.325,164.0,290432.3,10.0,77070.16060862214,1386.306001690617,184.0,540192.0,2281830.0,5.21,2
4322376,Unistalda,RS,43.0,432237,UNISTALDA,2047.0,149067.0,5.325,396.0,645169.38,25.0,72822.17879824132,1934.5383488031264,184.0,540192.0,2281830.0,5.21,2
4322400,Uruguaiana,RS,43.0,432240,URUGUAIANA,120818.0,3717113.0,5.325,12042.0,20200773.98,960.0,30766.218609809795,996.705788872519,184.0,540192.0,2281830.0,5.21,2
4322509,Vacaria,RS,43.0,432250,VACARIA,66147.0,3245679.0,5.325,11444.0,16562158.74,625.0,49067.667467912375,1730.0860205300316,184.0,540192.0,2281830.0,5.21,2
4322525,Vale Verde,RS,43.0,432252,VALE VERDE,3213.0,130453.0,5.325,570.0,1007994.32,34.0,40601.61842514783,1774.042950513539,184.0,540192.0,2281830.0,5.21,2
4322533,Vale do Sol,RS,43.0,432253,VALE DO SOL,10069.0,272714.0,5.325,1966.0,2051846.26,99.0,27084.51683384646,1952.527559837124,184.0,540192.0,2281830.0,5.21,2
4322541,Vale Real,RS,43.0,432254,VALE REAL,6223.0,198294.0,5.325,448.0,734093.82,43.0,31864.69548449301,719.910011248594,184.0,540192.0,2281830.0,5.21,2
4322558,Vanini,RS,43.0,432255,VANINI,2047.0,94776.0,5.325,272.0,545714.74,17.0,46299.95114802149,1328.7738153395212,184.0,540192.0,2281830.0,5.21,2
4322608,Venâncio Aires,RS,43.0,432260,VENANCIO AIRES,70842.0,3732042.0,5.325,10444.0,18380603.16,630.0,52681.20606419921,1474.2666779594026,184.0,540192.0,2281830.0,5.21,2
4322707,Vera Cruz,RS,43.0,432270,VERA CRUZ,27671.0,826722.0,5.325,3874.0,5925541.26,252.0,29876.83856745329,1400.021683350801,184.0,540192.0,2281830.0,5.21,2
4322806,Veranópolis,RS,43.0,432280,VERANOPOLIS,24554.0,1738706.0,5.325,3552.0,5052251.68,223.0,70811.51747169504,1446.6074773967582,184.0,540192.0,2281830.0,5.21,2
4322855,Vespasiano Corrêa,RS,43.0,432285,VESPASIANO CORREA,1851.0,119440.0,5.325,842.0,1165545.64,27.0,64527.28254997299,4548.892490545652,184.0,540192.0,2281830.0,5.21,2
4322905,Viadutos,RS,43.0,432290,VIADUTOS,4847.0,204582.0,5.325,1068.0,1357641.28,55.0,42207.96368887972,2203.4247988446464,184.0,540192.0,2281830.0,5.21,2
4323002,Viamão,RS,43.0,432300,VIAMAO,231994.0,4335081.0,5.325,31660.0,65700385.18,1976.0,18686.177228721437,1364.6904661327446,184.0,540192.0,2281830.0,5.21,2
4323101,Vicente Dutra,RS,43.0,432310,VICENTE DUTRA,4741.0,126515.0,5.325,834.0,1355506.16,38.0,26685.29846024045,1759.122547985657,184.0,540192.0,2281830.0,5.21,2
4323200,Victor Graeff,RS,43.0,432320,VICTOR GRAEFF,2825.0,295872.0,5.325,384.0,935563.32,30.0,104733.45132743364,1359.2920353982302,184.0,540192.0,2281830.0,5.21,2
4323309,Vila Flores,RS,43.0,432330,VILA FLORES,3741.0,297553.0,5.325,508.0,899536.36,40.0,79538.35872761294,1357.9256883186313,184.0,540192.0,2281830.0,5.21,2
4323358,Vila Lângaro,RS,43.0,432335,VILA LANGARO,2121.0,168933.0,5.325,324.0,584379.1,19.0,79647.80763790665,1527.5813295615276,184.0,540192.0,2281830.0,5.21,2
4323408,Vila Maria,RS,43.0,432340,VILA MARIA,4515.0,389407.0,5.325,492.0,1418900.22,40.0,86247.39756367663,1089.700996677741,184.0,540192.0,2281830.0,5.21,2
4323457,Vila Nova do Sul,RS,43.0,432345,VILA NOVA DO SUL,3932.0,195943.0,5.325,556.0,1027203.5,42.0,49832.90946083418,1414.0386571719228,184.0,540192.0,2281830.0,5.21,2
4323507,Vista Alegre,RS,43.0,432350,VISTA ALEGRE,2710.0,137064.0,5.325,802.0,1144660.8,29.0,50577.12177121771,2959.409594095941,184.0,540192.0,2281830.0,5.21,2
4323606,Vista Alegre do Prata,RS,43.0,432360,VISTA ALEGRE DO PRATA,1624.0,85229.0,5.325,268.0,412272.1,19.0,52480.91133004926,1650.2463054187192,184.0,540192.0,2281830.0,5.21,2
4323705,Vista Gaúcha,RS,43.0,432370,VISTA GAUCHA,2843.0,103513.0,5.325,534.0,972072.26,22.0,36409.77840309532,1878.297572986282,184.0,540192.0,2281830.0,5.21,2
4323754,Vitória das Missões,RS,43.0,432375,VITORIA DAS MISSOES,3316.0,159528.0,5.325,726.0,1569133.96,41.0,48108.56453558504,2189.384800965018,184.0,540192.0,2281830.0,5.21,2
4323770,Westfália,RS,43.0,432377,WESTFALIA,3223.0,264840.0,5.325,508.0,661336.74,25.0,82171.88954390319,1576.1712690040335,184.0,540192.0,2281830.0,5.21,2
4323804,Xangri-lá,RS,43.0,432380,XANGRI-LA,16949.0,733160.0,5.325,2572.0,4872073.46,138.0,43256.8293114638,1517.493657442917,184.0,540192.0,2281830.0,5.21,2
